region	position	strand_reditools	T_native	T_corrected	depth_stranded	Tfreq_native	Tfreq_corrected
chr1	4915683	+	7.0	0.0	54	0.12962962962962962	0.0
chr1	4915694	+	7.0	3.0	51	0.13725490196078433	0.058823529411764705
chr1	4915851	+	0.0	0.0	59	0.0	0.0
chr1	4916384	+	13.0	2.0	65	0.2	0.03076923076923077
chr1	4967044	+	10.0	5.0	106	0.09433962264150944	0.04716981132075472
chr1	13636029	-	12.0	2.0	128	0.09375	0.015625
chr1	37456656	-	7.0	2.0	79	0.08860759493670886	0.02531645569620253
chr1	37456733	-	7.0	0.0	69	0.10144927536231885	0.0
chr1	37457367	-	4.0	0.0	72	0.05555555555555555	0.0
chr1	60426829	+	9.0	0.0	71	0.1267605633802817	0.0
chr1	65198489	-	2.0	2.0	180	0.011111111111111112	0.011111111111111112
chr1	71618298	+	15.0	5.0	151	0.09933774834437085	0.033112582781456956
chr1	71618334	+	12.0	3.0	154	0.07792207792207792	0.01948051948051948
chr1	149705620	-	7.0	0.0	100	0.07	0.0
chr1	156257378	-	14.0	9.0	69	0.2028985507246377	0.13043478260869565
chr1	156257522	-	5.0	0.0	69	0.07246376811594203	0.0
chr1	156257526	-	14.0	3.0	70	0.2	0.04285714285714286
chr1	160030625	-	21.0	3.0	91	0.23076923076923078	0.03296703296703297
chr1	162422447	+	3.0	0.0	78	0.038461538461538464	0.0
chr1	162422602	+	0.0	0.0	59	0.0	0.0
chr1	182103970	-	15.0	9.0	107	0.14018691588785046	0.08411214953271028
chr2	4943499	+	6.0	2.0	57	0.10526315789473684	0.03508771929824561
chr2	29961312	+	14.0	3.0	207	0.06763285024154589	0.014492753623188406
chr2	71732295	+	2.0	0.0	54	0.037037037037037035	0.0
chr2	72923800	-	14.0	8.0	107	0.1308411214953271	0.07476635514018691
chr2	72923839	-	16.0	9.0	114	0.14035087719298245	0.07894736842105263
chr2	72923940	-	9.0	1.0	112	0.08035714285714286	0.008928571428571428
chr2	94242218	-	8.0	2.0	87	0.09195402298850575	0.022988505747126436
chr2	94243207	-	5.0	4.0	67	0.07462686567164178	0.05970149253731343
chr2	103284413	-	8.0	3.0	70	0.11428571428571428	0.04285714285714286
chr2	121983199	+	83.0	23.0	849	0.0977620730270907	0.027090694935217905
chr2	121983221	+	280.0	80.0	851	0.3290246768507638	0.09400705052878966
chr2	121983223	+	105.0	10.0	895	0.11731843575418995	0.0111731843575419
chr2	121983285	+	131.0	16.0	887	0.14768883878241262	0.018038331454340473
chr2	121983383	+	71.0	17.0	244	0.29098360655737704	0.06967213114754098
chr2	151402936	+	10.0	3.0	137	0.072992700729927	0.021897810218978103
chr2	151403246	+	6.0	1.0	146	0.0410958904109589	0.00684931506849315
chr2	156230398	-	9.0	2.0	54	0.16666666666666666	0.037037037037037035
chr3	8995760	-	6.0	1.0	54	0.1111111111111111	0.018518518518518517
chr3	36503179	-	85.0	16.0	337	0.2522255192878338	0.04747774480712166
chr3	36503275	-	70.0	8.0	334	0.20958083832335328	0.023952095808383235
chr3	36503332	-	26.0	2.0	310	0.08387096774193549	0.0064516129032258064
chr3	36503374	-	30.0	5.0	321	0.09345794392523364	0.01557632398753894
chr3	60536098	+	20.0	5.0	112	0.17857142857142858	0.044642857142857144
chr3	60537098	+	26.0	4.0	132	0.19696969696969696	0.030303030303030304
chr3	65287290	-	13.0	0.0	97	0.13402061855670103	0.0
chr3	67511089	+	9.0	0.0	72	0.125	0.0
chr3	95852748	+	9.0	1.0	67	0.13432835820895522	0.014925373134328358
chr3	95852865	+	5.0	3.0	91	0.054945054945054944	0.03296703296703297
chr3	103085988	+	12.0	1.0	103	0.11650485436893204	0.009708737864077669
chr3	103086005	+	4.0	0.0	100	0.04	0.0
chr3	104730889	-	5.0	1.0	128	0.0390625	0.0078125
chr3	104731232	-	4.0	3.0	117	0.03418803418803419	0.02564102564102564
chr3	104732011	-	9.0	0.0	84	0.10714285714285714	0.0
chr3	107571347	-	9.0	3.0	70	0.12857142857142856	0.04285714285714286
chr3	137572304	+	56.0	4.0	615	0.0910569105691057	0.0065040650406504065
chr3	138262100	+	11.0	0.0	67	0.16417910447761194	0.0
chr3	144302754	+	30.0	6.0	246	0.12195121951219512	0.024390243902439025
chr3	144302767	+	44.0	20.0	269	0.16356877323420074	0.07434944237918216
chr3	144303199	+	77.0	6.0	284	0.2711267605633803	0.02112676056338028
chr3	144303203	+	81.0	13.0	281	0.28825622775800713	0.046263345195729534
chr3	144303234	+	21.0	10.0	295	0.0711864406779661	0.03389830508474576
chr3	144303386	+	41.0	4.0	273	0.15018315018315018	0.014652014652014652
chr3	144303388	+	56.0	13.0	274	0.20437956204379562	0.04744525547445255
chr4	6394675	+	9.0	4.0	191	0.04712041884816754	0.020942408376963352
chr4	6395166	+	41.0	3.0	237	0.1729957805907173	0.012658227848101266
chr4	6395221	+	24.0	1.0	237	0.10126582278481013	0.004219409282700422
chr4	6395365	+	27.0	3.0	247	0.10931174089068826	0.012145748987854251
chr4	53567705	+	6.0	2.0	58	0.10344827586206896	0.034482758620689655
chr4	59041429	+	1.0	0.0	53	0.018867924528301886	0.0
chr4	63468782	+	20.0	3.0	188	0.10638297872340426	0.015957446808510637
chr4	63468813	+	20.0	2.0	187	0.10695187165775401	0.0106951871657754
chr4	63468877	+	20.0	2.0	186	0.10752688172043011	0.010752688172043012
chr4	107057936	+	25.0	5.0	128	0.1953125	0.0390625
chr4	107901384	-	1.0	0.0	68	0.014705882352941176	0.0
chr4	114818042	-	15.0	8.0	143	0.1048951048951049	0.055944055944055944
chr4	114818048	-	8.0	0.0	112	0.07142857142857142	0.0
chr4	114818089	-	13.0	1.0	133	0.09774436090225563	0.007518796992481203
chr4	114818737	-	6.0	2.0	127	0.047244094488188976	0.015748031496062992
chr4	114818739	-	13.0	2.0	128	0.1015625	0.015625
chr4	126924089	+	29.0	1.0	111	0.26126126126126126	0.009009009009009009
chr4	134625522	-	11.0	2.0	113	0.09734513274336283	0.017699115044247787
chr4	134625584	-	10.0	3.0	115	0.08695652173913043	0.02608695652173913
chr4	134941818	-	2.0	0.0	73	0.0273972602739726	0.0
chr4	136067680	+	12.0	3.0	73	0.1643835616438356	0.0410958904109589
chr4	147994742	-	4.0	0.0	62	0.06451612903225806	0.0
chr5	32649120	+	3.0	0.0	53	0.05660377358490566	0.0
chr5	77114693	+	20.0	3.0	277	0.07220216606498195	0.010830324909747292
chr5	77115001	+	39.0	4.0	288	0.13541666666666666	0.013888888888888888
chr5	77115311	+	34.0	9.0	289	0.11764705882352941	0.031141868512110725
chr5	84271804	+	45.0	12.0	126	0.35714285714285715	0.09523809523809523
chr5	93330058	-	12.0	2.0	130	0.09230769230769231	0.015384615384615385
chr5	114807652	-	1.0	0.0	80	0.0125	0.0
chr5	143491605	-	8.0	2.0	101	0.07920792079207921	0.019801980198019802
chr5	143491619	-	12.0	1.0	91	0.13186813186813187	0.01098901098901099
chr5	143491627	-	3.0	0.0	96	0.03125	0.0
chr5	143491690	-	6.0	2.0	101	0.0594059405940594	0.019801980198019802
chr5	143491741	-	5.0	2.0	93	0.053763440860215055	0.021505376344086023
chr5	149224913	+	2.0	1.0	75	0.02666666666666667	0.013333333333333334
chr6	13869969	-	36.0	10.0	74	0.4864864864864865	0.13513513513513514
chr6	35486363	-	1.0	0.0	68	0.014705882352941176	0.0
chr6	35486945	-	10.0	0.0	85	0.11764705882352941	0.0
chr6	35487433	-	10.0	4.0	79	0.12658227848101267	0.05063291139240506
chr6	51459917	+	5.0	1.0	81	0.06172839506172839	0.012345679012345678
chr6	52523408	-	5.0	0.0	72	0.06944444444444445	0.0
chr6	86714447	-	14.0	8.0	106	0.1320754716981132	0.07547169811320754
chr6	86714538	-	5.0	3.0	108	0.046296296296296294	0.027777777777777776
chr6	86714556	-	17.0	3.0	101	0.16831683168316833	0.0297029702970297
chr6	86714562	-	13.0	6.0	111	0.11711711711711711	0.05405405405405406
chr6	86714643	-	3.0	0.0	127	0.023622047244094488	0.0
chr6	87976624	-	32.0	17.0	299	0.10702341137123746	0.056856187290969896
chr6	87976662	-	54.0	11.0	277	0.19494584837545126	0.039711191335740074
chr6	87976841	-	51.0	10.0	269	0.1895910780669145	0.03717472118959108
chr6	87976854	-	46.0	2.0	267	0.17228464419475656	0.00749063670411985
chr6	91735541	+	23.0	3.0	119	0.19327731092436976	0.025210084033613446
chr6	108799577	+	33.0	13.0	205	0.16097560975609757	0.06341463414634146
chr6	125437478	-	71.0	22.0	506	0.14031620553359683	0.043478260869565216
chr6	125437504	-	20.0	2.0	488	0.040983606557377046	0.004098360655737705
chr6	146933316	+	10.0	0.0	67	0.14925373134328357	0.0
chr7	5082670	+	11.0	2.0	128	0.0859375	0.015625
chr7	80362655	-	3.0	1.0	60	0.05	0.016666666666666666
chr7	99488259	-	9.0	0.0	142	0.06338028169014084	0.0
chr7	99488301	-	20.0	0.0	141	0.14184397163120568	0.0
chr7	110671051	-	4.0	2.0	56	0.07142857142857142	0.03571428571428571
chr7	113815037	-	6.0	2.0	54	0.1111111111111111	0.037037037037037035
chr7	126579530	+	7.0	1.0	53	0.1320754716981132	0.018867924528301886
chr7	132159563	-	10.0	4.0	97	0.10309278350515463	0.041237113402061855
chr8	13428389	+	3.0	0.0	68	0.04411764705882353	0.0
chr8	41793880	-	4.0	0.0	60	0.06666666666666667	0.0
chr8	57967430	+	4.0	0.0	182	0.02197802197802198	0.0
chr8	57967433	+	2.0	1.0	192	0.010416666666666666	0.005208333333333333
chr8	57976968	-	0.0	0.0	54	0.0	0.0
chr8	96590784	-	32.0	6.0	207	0.15458937198067632	0.028985507246376812
chr9	7793598	+	5.0	0.0	68	0.07352941176470588	0.0
chr9	51999909	+	2.0	0.0	54	0.037037037037037035	0.0
chr9	56043382	-	7.0	4.0	64	0.109375	0.0625
chr9	56043464	-	10.0	1.0	61	0.16393442622950818	0.01639344262295082
chr9	58559476	+	16.0	1.0	114	0.14035087719298245	0.008771929824561403
chr9	58559490	+	37.0	5.0	109	0.3394495412844037	0.045871559633027525
chr9	65809178	+	23.0	3.0	130	0.17692307692307693	0.023076923076923078
chr9	108214644	+	3.0	0.0	92	0.03260869565217391	0.0
chr9	120789138	+	151.0	47.0	261	0.578544061302682	0.18007662835249041
chr9	120789166	+	74.0	13.0	269	0.275092936802974	0.048327137546468404
chr10	57391969	-	4.0	0.0	67	0.05970149253731343	0.0
chr10	57392081	-	39.0	5.0	62	0.6290322580645161	0.08064516129032258
chr10	60934632	-	6.0	0.0	140	0.04285714285714286	0.0
chr11	20012532	-	2.0	0.0	53	0.03773584905660377	0.0
chr11	20012745	-	6.0	0.0	109	0.05504587155963303	0.0
chr11	20175333	+	28.0	4.0	187	0.1497326203208556	0.0213903743315508
chr11	29692507	+	23.0	4.0	143	0.16083916083916083	0.027972027972027972
chr11	29692828	+	15.0	1.0	160	0.09375	0.00625
chr11	29692881	+	13.0	5.0	158	0.08227848101265822	0.03164556962025317
chr11	46619454	+	1.0	0.0	96	0.010416666666666666	0.0
chr11	49995507	+	2.0	0.0	88	0.022727272727272728	0.0
chr11	52137422	+	4.0	1.0	81	0.04938271604938271	0.012345679012345678
chr11	75517093	+	7.0	0.0	117	0.05982905982905983	0.0
chr12	31646149	-	26.0	4.0	110	0.23636363636363636	0.03636363636363636
chr12	33026227	+	6.0	1.0	86	0.06976744186046512	0.011627906976744186
chr12	33026255	+	2.0	0.0	67	0.029850746268656716	0.0
chr12	33026295	+	9.0	0.0	78	0.11538461538461539	0.0
chr12	54692685	-	24.0	3.0	229	0.10480349344978165	0.013100436681222707
chr12	54692931	-	25.0	2.0	223	0.11210762331838565	0.008968609865470852
chr12	54692963	-	62.0	10.0	221	0.28054298642533937	0.04524886877828054
chr12	73993540	+	13.0	5.0	118	0.11016949152542373	0.0423728813559322
chr12	85389705	-	9.0	4.0	138	0.06521739130434782	0.028985507246376812
chr13	38684812	-	20.0	1.0	92	0.21739130434782608	0.010869565217391304
chr13	47239196	-	12.0	5.0	76	0.15789473684210525	0.06578947368421052
chr13	47239246	-	4.0	2.0	75	0.05333333333333334	0.02666666666666667
chr13	47239251	-	8.0	5.0	78	0.10256410256410256	0.0641025641025641
chr13	47239273	-	11.0	3.0	79	0.13924050632911392	0.0379746835443038
chr13	58273742	-	7.0	0.0	56	0.125	0.0
chr13	64511709	-	24.0	4.0	136	0.17647058823529413	0.029411764705882353
chr13	74451771	-	14.0	1.0	100	0.14	0.01
chr14	21498370	+	5.0	1.0	56	0.08928571428571429	0.017857142857142856
chr14	26377387	+	6.0	1.0	125	0.048	0.008
chr14	29696720	+	11.0	1.0	122	0.09016393442622951	0.00819672131147541
chr14	36843018	-	7.0	3.0	56	0.125	0.05357142857142857
chr14	63382117	+	6.0	1.0	54	0.1111111111111111	0.018518518518518517
chr14	122396392	+	6.0	1.0	63	0.09523809523809523	0.015873015873015872
chr15	4183575	+	40.0	7.0	175	0.22857142857142856	0.04
chr15	4183624	+	3.0	2.0	141	0.02127659574468085	0.014184397163120567
chr15	4183636	+	17.0	6.0	141	0.12056737588652482	0.0425531914893617
chr15	4183736	+	14.0	1.0	125	0.112	0.008
chr15	9109680	+	8.0	4.0	70	0.11428571428571428	0.05714285714285714
chr15	25363655	-	2.0	0.0	63	0.031746031746031744	0.0
chr15	36772847	-	4.0	0.0	83	0.04819277108433735	0.0
chr15	36999716	-	3.0	0.0	52	0.057692307692307696	0.0
chr15	38692148	+	16.0	2.0	81	0.19753086419753085	0.024691358024691357
chr15	43141776	-	24.0	1.0	195	0.12307692307692308	0.005128205128205128
chr15	59202978	+	13.0	1.0	74	0.17567567567567569	0.013513513513513514
chr15	81247877	-	1.0	0.0	68	0.014705882352941176	0.0
chr15	81248990	-	3.0	0.0	53	0.05660377358490566	0.0
chr15	99306501	+	25.0	8.0	152	0.16447368421052633	0.05263157894736842
chr16	32450852	+	7.0	0.0	76	0.09210526315789473	0.0
chr16	43907686	-	20.0	13.0	178	0.11235955056179775	0.07303370786516854
chr17	71281181	-	31.0	3.0	159	0.1949685534591195	0.018867924528301886
chr17	74507910	-	4.0	0.0	145	0.027586206896551724	0.0
chr17	74507943	-	16.0	6.0	143	0.11188811188811189	0.04195804195804196
chr18	35939306	+	3.0	1.0	92	0.03260869565217391	0.010869565217391304
chr18	38597681	+	7.0	0.0	60	0.11666666666666667	0.0
chr18	38598115	+	13.0	4.0	70	0.18571428571428572	0.05714285714285714
chr18	38598131	+	6.0	1.0	69	0.08695652173913043	0.014492753623188406
chr19	20350920	-	8.0	0.0	90	0.08888888888888889	0.0
chrX	8009000	-	128.0	20.0	1042	0.12284069097888675	0.019193857965451054
chrX	12482227	+	14.0	2.0	83	0.1686746987951807	0.024096385542168676
chrX	12482266	+	7.0	0.0	68	0.10294117647058823	0.0
chrX	12482435	+	10.0	0.0	88	0.11363636363636363	0.0
chrX	12482487	+	24.0	6.0	86	0.27906976744186046	0.06976744186046512
chrX	12482626	+	7.0	3.0	87	0.08045977011494253	0.034482758620689655
chrX	12482922	+	22.0	2.0	92	0.2391304347826087	0.021739130434782608
chrX	37508639	-	12.0	0.0	88	0.13636363636363635	0.0
chrX	37508641	-	9.0	1.0	103	0.08737864077669903	0.009708737864077669
chrX	37508643	-	23.0	4.0	105	0.21904761904761905	0.0380952380952381
chrX	37509088	-	21.0	5.0	94	0.22340425531914893	0.05319148936170213
chrX	37509507	-	8.0	1.0	79	0.10126582278481013	0.012658227848101266
chrX	37509616	-	6.0	3.0	81	0.07407407407407407	0.037037037037037035
chrX	37509724	-	7.0	2.0	79	0.08860759493670886	0.02531645569620253
chrX	37509731	-	11.0	0.0	72	0.1527777777777778	0.0
chrX	37510194	-	8.0	3.0	69	0.11594202898550725	0.043478260869565216
chrX	37510442	-	11.0	3.0	59	0.1864406779661017	0.05084745762711865
chrX	52110159	+	3.0	2.0	164	0.018292682926829267	0.012195121951219513
chrX	52110231	+	5.0	1.0	163	0.03067484662576687	0.006134969325153374
chrX	72730005	-	5.0	1.0	100	0.05	0.01
chrX	72730009	-	15.0	0.0	107	0.14018691588785046	0.0
chrX	72730011	-	24.0	4.0	112	0.21428571428571427	0.03571428571428571
chrX	73347970	+	7.0	3.0	74	0.0945945945945946	0.04054054054054054
chrX	95210714	+	3.0	1.0	106	0.02830188679245283	0.009433962264150943
chrX	95211550	+	7.0	0.0	141	0.04964539007092199	0.0
chrX	95211635	+	13.0	0.0	95	0.1368421052631579	0.0
chrX	95211652	+	10.0	1.0	132	0.07575757575757576	0.007575757575757576
chrX	95211666	+	6.0	3.0	136	0.04411764705882353	0.022058823529411766
chrX	95211695	+	24.0	14.0	139	0.17266187050359713	0.10071942446043165
chrX	95211748	+	6.0	0.0	137	0.043795620437956206	0.0
chrX	95211766	+	45.0	12.0	140	0.32142857142857145	0.08571428571428572
chrX	99559439	+	2.0	0.0	61	0.03278688524590164	0.0
chrX	108204244	+	4.0	0.0	59	0.06779661016949153	0.0
chrX	108204313	+	11.0	1.0	61	0.18032786885245902	0.01639344262295082
chrX	108204658	+	11.0	4.0	72	0.1527777777777778	0.05555555555555555
chrX	108204953	+	7.0	2.0	72	0.09722222222222222	0.027777777777777776
chrX	108205780	+	12.0	3.0	99	0.12121212121212122	0.030303030303030304
chrX	133507395	+	10.0	3.0	55	0.18181818181818182	0.05454545454545454
chrX	135147837	+	11.0	3.0	52	0.21153846153846154	0.057692307692307696
chrX	135147839	+	8.0	0.0	53	0.1509433962264151	0.0
