	region	position	strand	T_native_oxp1	T_corrected_oxp1	depth_stranded_oxp1	Tfreq_native_oxp1	Tfreq_corrected_oxp1	T_native_oxp2	T_corrected_oxp2	depth_stranded_oxp2	Tfreq_native_oxp2	Tfreq_corrected_oxp2	T_native_oxp3	T_corrected_oxp3	depth_stranded_oxp3	Tfreq_native_oxp3	Tfreq_corrected_oxp3	T_native_oxp4	T_corrected_oxp4	depth_stranded_oxp4	Tfreq_native_oxp4	Tfreq_corrected_oxp4	5mer	Ref	Alt	Func.refGene	Gene.refGene	GeneDetail.refGene	ExonicFunc.refGene	AAChange.refGene	apobec1_pvalue
0	chr1	6186681	-	67.0	20.0	559.0	0.11985688729874774	0.03577817531305903						7.0	3.0	149.0	0.04697986577181208	0.020134228187919462	13.0	3.0	220.0	0.05909090909090909	0.013636363636363636	GACGA	G	A	exonic	RPL22	.	synonymous SNV	RPL22:NM_000983:exon4:c.C378T:p.D126D	0.03234014340294207
1	chr1	6186699	-	71.0	12.0	556.0	0.12769784172661872	0.02158273381294964											7.0	3.0	220.0	0.031818181818181815	0.013636363636363636	GACGA	G	A	exonic	RPL22	.	synonymous SNV	RPL22:NM_000983:exon4:c.C360T:p.D120D	1.0
2	chr1	17018869	-	34.0	12.0	94.0	0.3617021276595745	0.1276595744680851	17.0	6.0	64.0	0.265625	0.09375											TGCTA	G	A	UTR3	SDHB	NM_003000:c.*12C>T	.	.	0.041016254888267455
3	chr1	25900600	-	10.0	2.0	187.0	0.053475935828877004	0.0106951871657754	6.0	3.0	217.0	0.027649769585253458	0.013824884792626729											GACTT	G	A	UTR3	STMN1	NM_203401:c.*416C>T;NM_005563:c.*416C>T;NM_203399:c.*416C>T	.	.	1.0
4	chr1	25900608	-	33.0	3.0	187.0	0.17647058823529413	0.016042780748663103	25.0	3.0	210.0	0.11904761904761905	0.014285714285714284											TGCTA	G	A	UTR3	STMN1	NM_203401:c.*408C>T;NM_005563:c.*408C>T;NM_203399:c.*408C>T	.	.	0.012768685286993615
5	chr1	25900670	-	13.0	5.0	189.0	0.06878306878306878	0.026455026455026454	10.0	4.0	213.0	0.046948356807511735	0.018779342723004692						6.0	3.0	68.0	0.08823529411764706	0.04411764705882353	AACTG	G	A	UTR3	STMN1	NM_203401:c.*346C>T;NM_005563:c.*346C>T;NM_203399:c.*346C>T	.	.	0.029410329754620136
6	chr1	28237967	+	26.0	4.0	240.0	0.10833333333333334	0.016666666666666666						3.0	2.0	70.0	0.042857142857142864	0.028571428571428567						AACAT	C	T	exonic	ATP5IF1	.	nonsynonymous SNV	ATP5IF1:NM_016311:exon3:c.C310T:p.H104Y	0.005194965024456985
7	chr1	31908702	-	4.0	3.0	73.0	0.0547945205479452	0.0410958904109589	5.0	5.0	51.0	0.09803921568627452	0.09803921568627452											AGCAA	G	A	UTR3	PTP4A2	NM_001195101:c.*150C>T;NM_001195100:c.*150C>T;NM_080391:c.*150C>T;NM_001369860:c.*150C>T;NM_001369859:c.*150C>T;NM_001369858:c.*150C>T	.	.	0.00122886880659266
8	chr1	42696738	+	57.0	3.0	218.0	0.2614678899082569	0.013761467889908258						17.0	2.0	56.0	0.3035714285714285	0.03571428571428571						GTCGT	C	T	exonic	YBX1	.	nonsynonymous SNV	YBX1:NM_004559:exon5:c.C451T:p.R151C	1.0
9	chr1	42702093	+	57.0	6.0	366.0	0.1557377049180328	0.016393442622950817											16.0	3.0	149.0	0.10738255033557048	0.020134228187919462	AACTA	C	T	UTR3	YBX1	NM_004559:c.*144C>T	.	.	0.18068453186108746
10	chr1	42702144	+	60.0	12.0	392.0	0.15306122448979592	0.030612244897959183											16.0	3.0	158.0	0.10126582278481013	0.0189873417721519	GACGT	C	T	UTR3	YBX1	NM_004559:c.*195C>T	.	.	0.0004004872577501041
11	chr1	42702286	+	52.0	9.0	354.0	0.14689265536723164	0.025423728813559324	84.0	13.0	1132.0	0.07420494699646643	0.011484098939929329						13.0	3.0	144.0	0.09027777777777778	0.02083333333333333	TACAA	C	T	UTR3	YBX1	NM_004559:c.*337C>T	.	.	2.423591204275747e-05
12	chr1	44778033	+	272.0	39.0	2618.0	0.1038961038961039	0.014896867838044309						17.0	5.0	473.0	0.035940803382663845	0.010570824524312895						AACGA	C	T	exonic	RPS8	.	stopgain	RPS8:NM_001012:exon5:c.C421T:p.R141X	2.8842381120725897e-05
13	chr1	45515773	-	27.0	2.0	195.0	0.13846153846153847	0.010256410256410256											14.0	2.0	143.0	0.0979020979020979	0.013986013986013986	GACTT	G	A	exonic	PRDX1	.	synonymous SNV	PRDX1:NM_001202431:exon3:c.C141T:p.D47D,PRDX1:NM_002574:exon3:c.C141T:p.D47D,PRDX1:NM_181696:exon3:c.C141T:p.D47D,PRDX1:NM_181697:exon3:c.C141T:p.D47D	1.0
14	chr1	52772174	-	14.0	2.0	166.0	0.08433734939759037	0.012048192771084338	7.0	4.0	189.0	0.037037037037037035	0.021164021164021163											AGCAA	G	A	intronic	ZYG11B	.	.	.	0.00023764144836156974
15	chr1	67424896	-	26.0	4.0	107.0	0.2429906542056075	0.037383177570093455	5.0	2.0	78.0	0.0641025641025641	0.02564102564102564											GACGA	G	A	exonic	SERBP1	.	synonymous SNV	SERBP1:NM_001018067:exon4:c.C687T:p.D229D,SERBP1:NM_001018068:exon4:c.C669T:p.D223D,SERBP1:NM_001018069:exon4:c.C687T:p.D229D,SERBP1:NM_015640:exon4:c.C669T:p.D223D	0.009696292311850407
16	chr1	77129636	+	31.0	13.0	204.0	0.15196078431372548	0.06372549019607843	14.0	6.0	186.0	0.07526881720430108	0.03225806451612903											AACTG	C	T	intronic	PIGK	.	.	.	0.002076855882377423
17	chr1	92833433	+	128.0	12.0	886.0	0.14446952595936793	0.013544018058690743						16.0	8.0	284.0	0.056338028169014086	0.028169014084507043	25.0	8.0	382.0	0.06544502617801047	0.020942408376963352	TACCA	C	T	exonic	RPL5	.	synonymous SNV	RPL5:NM_000969:exon2:c.C48T:p.Y16Y	0.0021506497076184488
18	chr1	92833586	+	187.0	17.0	1049.0	0.1782650142993327	0.016205910390848427	14.0	2.0	117.0	0.11965811965811965	0.017094017094017096	24.0	9.0	284.0	0.08450704225352113	0.03169014084507042	36.0	7.0	388.0	0.09278350515463918	0.01804123711340206	TACAA	C	T	exonic	RPL5	.	stopgain	RPL5:NM_000969:exon3:c.C115T:p.Q39X	0.0009792120682666297
19	chr1	92833603	+	138.0	18.0	991.0	0.13925327951564076	0.018163471241170532	14.0	4.0	124.0	0.1129032258064516	0.03225806451612903						35.0	4.0	379.0	0.09234828496042216	0.010554089709762531	TACAA	C	T	exonic	RPL5	.	synonymous SNV	RPL5:NM_000969:exon3:c.C132T:p.Y44Y	0.0014399592179580984
20	chr1	96678868	-	198.0	52.0	697.0	0.2840746054519369	0.0746054519368723	89.0	27.0	608.0	0.14638157894736842	0.044407894736842105	14.0	5.0	75.0	0.18666666666666668	0.06666666666666668	19.0	6.0	144.0	0.13194444444444445	0.04166666666666666	GTCTA	G	A	intergenic	LINC01787;PTBP2	dist=304743;dist=42737	.	.	0.36492602454013534
21	chr1	96679023	-	71.0	13.0	581.0	0.12220309810671255	0.022375215146299483	33.0	10.0	513.0	0.06432748538011697	0.019493177387914232											AACGC	G	A	intergenic	LINC01787;PTBP2	dist=304898;dist=42582	.	.	0.016116641151861132
22	chr1	96679075	-	80.0	8.0	647.0	0.12364760432766615	0.012364760432766615											9.0	2.0	144.0	0.0625	0.013888888888888888	TACGG	G	A	intergenic	LINC01787;PTBP2	dist=304950;dist=42530	.	.	0.04951212079171547
23	chr1	96679105	-	92.0	17.0	594.0	0.15488215488215487	0.028619528619528618	24.0	6.0	465.0	0.05161290322580645	0.012903225806451613						7.0	3.0	133.0	0.05263157894736842	0.022556390977443608	AACGC	G	A	intergenic	LINC01787;PTBP2	dist=304980;dist=42500	.	.	0.3258238791928358
24	chr1	96679112	-	45.0	8.0	635.0	0.07086614173228346	0.012598425196850394	13.0	8.0	488.0	0.02663934426229508	0.016393442622950817											GACAG	G	A	intergenic	LINC01787;PTBP2	dist=304987;dist=42493	.	.	0.2082505145512204
25	chr1	96679421	-	26.0	9.0	527.0	0.04933586337760911	0.017077798861480076	5.0	4.0	196.0	0.025510204081632654	0.020408163265306117											AACTG	G	A	intergenic	LINC01787;PTBP2	dist=305296;dist=42184	.	.	1.0
26	chr1	108992405	+	61.0	6.0	260.0	0.2346153846153846	0.02307692307692308	14.0	6.0	78.0	0.1794871794871795	0.07692307692307693											TACGA	C	T	intronic	WDR47	.	.	.	0.18039764447800216
27	chr1	108992804	+	35.0	16.0	271.0	0.12915129151291513	0.059040590405904064	8.0	3.0	95.0	0.08421052631578947	0.03157894736842105											AACTG	C	T	intronic	WDR47	.	.	.	0.003834424927475143
28	chr1	111461244	+	15.0	3.0	80.0	0.1875	0.0375	20.0	4.0	99.0	0.202020202020202	0.040404040404040414						12.0	5.0	54.0	0.2222222222222222	0.0925925925925926	AACTT	C	T	UTR3	ATP5PB	NM_001688:c.*250C>T	.	.	0.0023373594606534106
29	chr1	151982989	-	46.0	5.0	150.0	0.30666666666666664	0.03333333333333333	32.0	6.0	130.0	0.24615384615384614	0.04615384615384616						17.0	3.0	54.0	0.3148148148148148	0.05555555555555555	TACCA	G	A	UTR3	S100A10	NM_002966:c.*174C>T	.	.	5.376759439707137e-05
30	chr1	153662058	-	6.0	3.0	157.0	0.03821656050955414	0.01910828025477707	6.0	2.0	123.0	0.04878048780487805	0.016260162601626018	3.0	2.0	58.0	0.05172413793103448	0.03448275862068965	3.0	2.0	52.0	0.0576923076923077	0.038461538461538464	AACTA	G	A	UTR3	ILF2	NM_001267809:c.*338C>T;NM_004515:c.*338C>T	.	.	9.389222503600859e-06
31	chr1	154206877	-	33.0	4.0	180.0	0.18333333333333326	0.022222222222222227											9.0	3.0	54.0	0.16666666666666666	0.05555555555555555	CACAC	G	A	UTR3	C1orf43	NM_001297720:c.*576C>T;NM_001297718:c.*576C>T;NM_001297717:c.*766C>T;NM_138740:c.*576C>T;NM_015449:c.*576C>T;NM_001098616:c.*576C>T	.	.	0.005402594321942778
32	chr1	156309040	-	70.0	4.0	343.0	0.20408163265306126	0.011661807580174929	56.0	6.0	361.0	0.15512465373961218	0.01662049861495845	23.0	4.0	99.0	0.2323232323232323	0.040404040404040414	20.0	3.0	118.0	0.1694915254237288	0.025423728813559324	CACTG	G	A	UTR3	CCT3	NM_001008800:c.*159C>T;NM_005998:c.*159C>T	.	.	0.002227768097321382
33	chr1	156309072	-	11.0	4.0	329.0	0.03343465045592705	0.0121580547112462											4.0	2.0	117.0	0.034188034188034185	0.017094017094017096	CCCTT	G	A	UTR3	CCT3	NM_001008800:c.*127C>T;NM_005998:c.*127C>T	.	.	1.0
34	chr1	156335834	-	11.0	3.0	119.0	0.09243697478991596	0.025210084033613446	11.0	2.0	112.0	0.09821428571428573	0.017857142857142856											TGCTG	G	A	exonic	CCT3	.	nonsynonymous SNV	CCT3:NM_001008800:exon2:c.C86T:p.A29V,CCT3:NM_005998:exon2:c.C86T:p.A29V	0.11423500155010748
35	chr1	156742122	-	72.0	4.0	192.0	0.375	0.02083333333333333	44.0	5.0	87.0	0.5057471264367817	0.057471264367816084	38.0	8.0	56.0	0.6785714285714286	0.14285714285714285	40.0	4.0	70.0	0.5714285714285714	0.057142857142857134	AACCC	G	A	UTR3	HDGF	NM_001319188:c.*1327C>T;NM_001126051:c.*1327C>T;NM_001319187:c.*1327C>T;NM_004494:c.*1327C>T;NM_001126050:c.*1327C>T;NM_001319186:c.*1327C>T	.	.	0.0005920067188612959
36	chr1	156742183	-	24.0	3.0	250.0	0.096	0.012											6.0	2.0	85.0	0.07058823529411765	0.023529411764705882	GACTG	G	A	UTR3	HDGF	NM_001319188:c.*1266C>T;NM_001126051:c.*1266C>T;NM_001319187:c.*1266C>T;NM_004494:c.*1266C>T;NM_001126050:c.*1266C>T;NM_001319186:c.*1266C>T	.	.	1.0
37	chr1	159918425	-	25.0	4.0	337.0	0.07418397626112759	0.011869436201780416						2.0	2.0	97.0	0.020618556701030927	0.020618556701030927						TGCTG	G	A	UTR3	TAGLN2	NM_003564:c.*375C>T;NM_001277224:c.*375C>T;NM_001277223:c.*375C>T	.	.	1.0
38	chr1	203865099	+	9.0	4.0	139.0	0.06474820143884892	0.02877697841726619	31.0	11.0	480.0	0.06458333333333334	0.02291666666666666											AACAA	C	T	exonic	SNRPE	.	nonsynonymous SNV	SNRPE:NM_001328638:exon3:c.C164T:p.T55I,SNRPE:NM_001304464:exon4:c.C179T:p.T60I,SNRPE:NM_001328637:exon4:c.C197T:p.T66I,SNRPE:NM_003094:exon4:c.C203T:p.T68I	0.001906274755161771
39	chr1	203870040	+	17.0	2.0	127.0	0.13385826771653545	0.015748031496062992	51.0	9.0	458.0	0.111353711790393	0.019650655021834062						6.0	2.0	57.0	0.10526315789473684	0.03508771929824561	TACTA	C	T	UTR3	SNRPE	NM_003094:c.*108C>T;NM_001304464:c.*108C>T;NM_001328638:c.*108C>T;NM_001328637:c.*108C>T	.	.	0.0019975583118203096
40	chr1	203870060	+	56.0	15.0	129.0	0.4341085271317829	0.11627906976744184	247.0	79.0	444.0	0.5563063063063063	0.17792792792792791						32.0	15.0	61.0	0.5245901639344263	0.2459016393442623	TACTA	C	T	UTR3	SNRPE	NM_003094:c.*128C>T;NM_001304464:c.*128C>T;NM_001328638:c.*128C>T;NM_001328637:c.*128C>T	.	.	7.818444032612545e-06
41	chr1	225790257	+	21.0	6.0	108.0	0.19444444444444445	0.05555555555555555	14.0	5.0	103.0	0.13592233009708735	0.04854368932038835											AACTA	C	T	UTR3	SRP9	NM_001130440:c.*1034C>T;NM_003133:c.*898C>T	.	.	0.00013898997157205223
42	chr1	226071698	+	18.0	3.0	114.0	0.15789473684210525	0.02631578947368421	23.0	4.0	278.0	0.08273381294964029	0.014388489208633094											GACGT	C	T	ncRNA_exonic	H3P6	.	.	.	0.0002550216732025273
43	chr1	228098846	+	78.0	7.0	417.0	0.18705035971223025	0.016786570743405275											12.0	2.0	118.0	0.1016949152542373	0.01694915254237288	GTCTG	C	T	UTR3	ARF1	NM_001024226:c.*833C>T;NM_001658:c.*833C>T;NM_001024228:c.*833C>T;NM_001024227:c.*833C>T	.	.	1.0
44	chr10	17236366	+	127.0	48.0	375.0	0.3386666666666667	0.128	89.0	32.0	499.0	0.17835671342685372	0.06412825651302605	14.0	5.0	78.0	0.1794871794871795	0.0641025641025641	16.0	7.0	127.0	0.12598425196850396	0.05511811023622047	AACTA	C	T	exonic	VIM	.	nonsynonymous SNV	VIM:NM_003380:exon9:c.C1346T:p.T449I	0.0032593496930979978
45	chr10	43386077	-	17.0	9.0	72.0	0.2361111111111111	0.125	9.0	7.0	59.0	0.15254237288135594	0.11864406779661014											AACTT	G	A	UTR3	HNRNPF	NM_004966:c.*560C>T;NM_001098205:c.*560C>T;NM_001098208:c.*560C>T;NM_001098207:c.*560C>T;NM_001098206:c.*560C>T;NM_001098204:c.*560C>T	.	.	4.512412480282248e-06
46	chr10	70202971	-	20.0	2.0	86.0	0.2325581395348837	0.02325581395348837	13.0	3.0	62.0	0.20967741935483872	0.04838709677419355											AACTA	G	A	UTR3	PPA1	NM_021129:c.*184C>T	.	.	0.0011140004468208713
47	chr10	70203158	-	19.0	10.0	100.0	0.19	0.1	6.0	6.0	53.0	0.11320754716981132	0.11320754716981132											AACTA	G	A	exonic	PPA1	.	synonymous SNV	PPA1:NM_021129:exon11:c.C867T:p.N289N	0.000570967551559368
48	chr10	79354655	+	19.0	3.0	86.0	0.22093023255813954	0.034883720930232565	19.0	3.0	106.0	0.1792452830188679	0.02830188679245283											AACAT	C	T	UTR3	PPIF	NM_005729:c.*813C>T	.	.	0.0019311575230861297
49	chr10	79513736	+	14.0	5.0	54.0	0.25925925925925924	0.0925925925925926	23.0	6.0	65.0	0.3538461538461539	0.09230769230769233											AACTA	C	T	UTR3	EIF5AL1	NM_001099692:c.*622C>T	.	.	1.9292455698588047e-06
50	chr11	10797248	-	19.0	6.0	106.0	0.1792452830188679	0.05660377358490566	28.0	2.0	85.0	0.32941176470588235	0.023529411764705882											TACTT	G	A	UTR3	EIF4G2	NM_001042559:c.*568C>T;NM_001172705:c.*568C>T;NM_001418:c.*568C>T	.	.	0.012040494717537892
51	chr11	16974670	-	344.0	33.0	2789.0	0.12334169953388313	0.011832197920401577						24.0	7.0	510.0	0.047058823529411764	0.013725490196078431	38.0	9.0	655.0	0.058015267175572524	0.013740458015267177	GACAA	G	A	intronic	PLEKHA7	.	.	.	1.664926975362673e-05
52	chr11	17074413	-	41.0	11.0	942.0	0.0435244161358811	0.01167728237791932	57.0	23.0	1970.0	0.02893401015228426	0.0116751269035533						18.0	5.0	396.0	0.045454545454545456	0.012626262626262626	AGCAA	G	A	UTR3	RPS13	NM_001017:c.*20C>T	.	.	0.0004817550429246154
53	chr11	18407791	+	22.0	2.0	179.0	0.12290502793296088	0.0111731843575419	9.0	5.0	87.0	0.10344827586206896	0.057471264367816084						10.0	4.0	97.0	0.10309278350515463	0.041237113402061855	TGCAA	C	T	UTR3	LDHA	NM_001135239:c.*510C>T;NM_001165416:c.*659C>T;NM_001165415:c.*415C>T;NM_005566:c.*510C>T;NM_001165414:c.*510C>T	.	.	0.016747784426280412
54	chr11	18407798	+	61.0	3.0	171.0	0.3567251461988304	0.017543859649122806						20.0	2.0	62.0	0.3225806451612903	0.03225806451612903						AACTA	C	T	UTR3	LDHA	NM_001135239:c.*517C>T;NM_001165416:c.*666C>T;NM_001165415:c.*422C>T;NM_005566:c.*517C>T;NM_001165414:c.*517C>T	.	.	0.023736944038989155
55	chr11	62571044	-	332.0	22.0	1781.0	0.18641212801796744	0.01235261089275688											33.0	4.0	369.0	0.08943089430894309	0.010840108401084009	GACGA	G	A	exonic	EEF1G	.	nonsynonymous SNV	EEF1G:NM_001404:exon5:c.C443T:p.T148M	1.0
56	chr11	62888774	+	48.0	5.0	338.0	0.14201183431952666	0.014792899408284025						8.0	2.0	67.0	0.11940298507462685	0.02985074626865672						AACAA	C	T	UTR3	SLC3A2	NM_002394:c.*81C>T;NM_001012664:c.*81C>T;NM_001012662:c.*81C>T;NM_001013251:c.*81C>T	.	.	4.998865770834174e-06
57	chr11	67435371	+	11.0	2.0	51.0	0.21568627450980396	0.0392156862745098	20.0	2.0	132.0	0.15151515151515152	0.015151515151515154											TGCTC	C	T	UTR3	RPS6KB2	NM_003952:c.*202C>T	.	.	1.0
58	chr11	118409168	+	19.0	4.0	204.0	0.0931372549019608	0.0196078431372549	21.0	6.0	547.0	0.038391224862888484	0.010968921389396707	2.0	2.0	53.0	0.03773584905660377	0.03773584905660377	4.0	2.0	74.0	0.054054054054054064	0.027027027027027032	GACTG	C	T	ncRNA_intronic	LOC100131626	.	.	.	0.013841557196942494
59	chr11	123058296	-	100.0	3.0	202.0	0.4950495049504951	0.01485148514851485						37.0	2.0	85.0	0.4352941176470588	0.023529411764705882						TTCTG	G	A	exonic	HSPA8	.	synonymous SNV	HSPA8:NM_006597:exon8:c.C1711T:p.L571L	0.20522135538974234
60	chr11	123059918	-	41.0	3.0	84.0	0.4880952380952381	0.03571428571428571											25.0	2.0	68.0	0.36764705882352944	0.029411764705882356	GACAC	G	A	exonic	HSPA8	.	synonymous SNV	HSPA8:NM_006597:exon5:c.C675T:p.D225D,HSPA8:NM_153201:exon5:c.C675T:p.D225D	1.0
61	chr12	7652507	-	184.0	6.0	558.0	0.32974910394265233	0.010752688172043013											60.0	3.0	282.0	0.2127659574468085	0.010638297872340424	ATCAA	G	A	exonic	APOBEC1	.	stopgain	APOBEC1:NM_005889:exon2:c.C238T:p.Q80X,APOBEC1:NM_001644:exon3:c.C373T:p.Q125X,APOBEC1:NM_001304566:exon4:c.C373T:p.Q125X	1.0
62	chr12	7652538	-	181.0	7.0	507.0	0.35700197238658776	0.01380670611439842						20.0	3.0	192.0	0.10416666666666667	0.015625						ATCTA	G	A	exonic	APOBEC1	.	synonymous SNV	APOBEC1:NM_005889:exon2:c.C207T:p.I69I,APOBEC1:NM_001644:exon3:c.C342T:p.I114I,APOBEC1:NM_001304566:exon4:c.C342T:p.I114I	1.0
63	chr12	7652730	-	180.0	24.0	504.0	0.35714285714285715	0.047619047619047616						26.0	4.0	179.0	0.1452513966480447	0.0223463687150838	67.0	8.0	272.0	0.2463235294117647	0.029411764705882356	ATCTG	G	A	exonic	APOBEC1	.	synonymous SNV	APOBEC1:NM_005889:exon2:c.C15T:p.I5I,APOBEC1:NM_001644:exon3:c.C150T:p.I50I,APOBEC1:NM_001304566:exon4:c.C150T:p.I50I	1.0
64	chr12	49272843	+	36.0	3.0	214.0	0.16822429906542055	0.014018691588785048	69.0	6.0	588.0	0.1173469387755102	0.010204081632653059	7.0	2.0	60.0	0.11666666666666667	0.03333333333333333						GACGT	C	T	exonic	TUBA1C	.	synonymous SNV	TUBA1C:NM_001303114:exon4:c.C1176T:p.D392D,TUBA1C:NM_032704:exon4:c.C966T:p.D322D,TUBA1C:NM_001303116:exon5:c.C861T:p.D287D,TUBA1C:NM_001303117:exon5:c.C861T:p.D287D,TUBA1C:NM_001303115:exon6:c.C861T:p.D287D	1.0
65	chr12	49764855	+	33.0	11.0	138.0	0.2391304347826087	0.07971014492753623	6.0	3.0	53.0	0.11320754716981132	0.05660377358490566											GACAA	C	T	UTR3	TMBIM6	NM_003217:c.*1959C>T;NM_001098576:c.*1959C>T	.	.	0.0002647810732774
66	chr12	53479601	+	97.0	27.0	270.0	0.3592592592592593	0.1	97.0	28.0	353.0	0.2747875354107649	0.07932011331444759	10.0	4.0	61.0	0.16393442622950818	0.06557377049180327	22.0	4.0	73.0	0.3013698630136986	0.0547945205479452	AGCGT	C	T	UTR3	PCBP2	NM_001128912:c.*159C>T;NM_001098620:c.*159C>T;NM_001128911:c.*159C>T;NM_001128913:c.*159C>T;NM_005016:c.*159C>T;NM_001128914:c.*159C>T;NM_031989:c.*159C>T	.	.	0.0071992558252307395
67	chr12	54281883	+	7.0	2.0	134.0	0.05223880597014925	0.01492537313432836											5.0	2.0	108.0	0.04629629629629629	0.018518518518518517	TGCAA	C	T	exonic	HNRNPA1	.	nonsynonymous SNV	HNRNPA1:NM_002136:exon3:c.C221T:p.A74V,HNRNPA1:NM_031157:exon3:c.C221T:p.A74V	1.0
68	chr12	54284705	+	66.0	5.0	317.0	0.2082018927444795	0.01577287066246057	33.0	4.0	306.0	0.10784313725490197	0.013071895424836602	18.0	4.0	137.0	0.13138686131386862	0.0291970802919708	22.0	3.0	194.0	0.1134020618556701	0.015463917525773196	AACTC	C	T	UTR3	HNRNPA1	NM_002136:c.*161C>T;NM_031157:c.*161C>T	.	.	0.0011093414637552265
69	chr12	54284713	+	24.0	4.0	327.0	0.07339449541284404	0.012232415902140671											6.0	2.0	196.0	0.030612244897959183	0.010204081632653059	GACTG	C	T	UTR3	HNRNPA1	NM_002136:c.*169C>T;NM_031157:c.*169C>T	.	.	0.1849373421949546
70	chr12	54284725	+	49.0	10.0	320.0	0.153125	0.03125	19.0	5.0	317.0	0.05993690851735016	0.01577287066246057	12.0	5.0	139.0	0.08633093525179858	0.03597122302158273	20.0	11.0	196.0	0.1020408163265306	0.05612244897959184	GACTA	C	T	UTR3	HNRNPA1	NM_002136:c.*181C>T;NM_031157:c.*181C>T	.	.	0.00157224195611945
71	chr12	56663913	-	12.0	4.0	93.0	0.12903225806451613	0.04301075268817205	10.0	4.0	76.0	0.13157894736842105	0.05263157894736842						7.0	2.0	53.0	0.1320754716981132	0.03773584905660377	AACTA	G	A	UTR3	PTGES3	NM_001282604:c.*566C>T;NM_006601:c.*566C>T;NM_001282605:c.*566C>T;NM_001282603:c.*566C>T;NM_001282602:c.*566C>T;NM_001282601:c.*566C>T	.	.	0.0019322233358187763
72	chr12	56663946	-	25.0	2.0	91.0	0.27472527472527475	0.02197802197802198	7.0	2.0	70.0	0.1	0.028571428571428567											GACTT	G	A	UTR3	PTGES3	NM_001282604:c.*533C>T;NM_006601:c.*533C>T;NM_001282605:c.*533C>T;NM_001282603:c.*533C>T;NM_001282602:c.*533C>T;NM_001282601:c.*533C>T	.	.	0.07627599112957098
73	chr12	56712793	-	198.0	16.0	609.0	0.3251231527093596	0.026272577996715927	158.0	28.0	792.0	0.1994949494949495	0.03535353535353535	28.0	4.0	134.0	0.20895522388059698	0.02985074626865672	34.0	6.0	177.0	0.19209039548022602	0.03389830508474576	TGCGA	G	A	exonic	NACA	.	nonsynonymous SNV	NACA:NM_001113201:exon7:c.C626T:p.A209V,NACA:NM_001113202:exon7:c.C626T:p.A209V,NACA:NM_001320193:exon7:c.C626T:p.A209V,NACA:NM_001320194:exon7:c.C626T:p.A209V,NACA:NM_005594:exon7:c.C626T:p.A209V,NACA:NM_001365896:exon8:c.C6215T:p.A2072V,NACA:NM_001113203:exon10:c.C2756T:p.A919V	0.0017959195917584493
74	chr12	94971417	-	6.0	2.0	85.0	0.07058823529411765	0.023529411764705882	2.0	2.0	173.0	0.011560693641618495	0.011560693641618495											AACAT	G	A	UTR3	NDUFA12	NM_001258338:c.*181C>T;NM_018838:c.*23C>T	.	.	0.00037731676412613454
75	chr12	112405258	-	231.0	18.0	1032.0	0.2238372093023256	0.017441860465116282	162.0	32.0	1682.0	0.09631391200951248	0.019024970273483943	21.0	6.0	296.0	0.07094594594594594	0.020270270270270268	43.0	9.0	405.0	0.10617283950617283	0.022222222222222227	GACGA	G	A	exonic	RPL6	.	nonsynonymous SNV	RPL6:NM_000970:exon7:c.C833T:p.T278M,RPL6:NM_001024662:exon7:c.C833T:p.T278M,RPL6:NM_001320137:exon7:c.C833T:p.T278M,RPL6:NM_001320138:exon7:c.C833T:p.T278M,RPL6:NM_001320139:exon7:c.C833T:p.T278M,RPL6:NM_001320140:exon7:c.C833T:p.T278M,RPL6:NM_001320142:exon7:c.C500T:p.T167M,RPL6:NM_001320141:exon9:c.C833T:p.T278M	0.26536801051597414
76	chr12	118145052	+	8.0	2.0	116.0	0.06896551724137931	0.017241379310344827											5.0	3.0	60.0	0.08333333333333333	0.05	GTCAT	C	T	UTR3	PEBP1	NM_002567:c.*249C>T	.	.	1.0
77	chr12	130876179	+	166.0	6.0	495.0	0.3353535353535353	0.01212121212121212											50.0	4.0	215.0	0.2325581395348837	0.018604651162790697	TGCTG	C	T	UTR3	RAN	NM_001300797:c.*253C>T;NM_001300796:c.*253C>T;NM_006325:c.*253C>T	.	.	1.0
78	chr12	132704905	+	10.0	3.0	78.0	0.1282051282051282	0.038461538461538464	4.0	3.0	84.0	0.047619047619047616	0.03571428571428571											AACTT	C	T	UTR3	PXMP2	NM_018663:c.*218C>T	.	.	0.11158998960320304
79	chr13	30460934	-	5.0	2.0	105.0	0.047619047619047616	0.01904761904761905											3.0	3.0	59.0	0.05084745762711865	0.05084745762711865	GACAT	G	A	UTR3	HMGB1	NM_002128:c.*423C>T;NM_001370341:c.*423C>T;NM_001370340:c.*423C>T;NM_001370339:c.*749C>T;NM_001313893:c.*423C>T;NM_001313892:c.*423C>T;NM_001363661:c.*644C>T	.	.	0.012491905004308442
80	chr13	30461013	-	9.0	2.0	106.0	0.08490566037735849	0.018867924528301886	13.0	6.0	111.0	0.11711711711711713	0.054054054054054064											TACGA	G	A	UTR3	HMGB1	NM_002128:c.*344C>T;NM_001370341:c.*344C>T;NM_001370340:c.*344C>T;NM_001370339:c.*670C>T;NM_001313893:c.*344C>T;NM_001313892:c.*344C>T;NM_001363661:c.*565C>T	.	.	0.0006767762751535516
81	chr13	45337139	-	28.0	7.0	124.0	0.2258064516129032	0.05645161290322581	5.0	2.0	60.0	0.08333333333333333	0.03333333333333333											AACTA	G	A	UTR3	TPT1	NM_001286273:c.*247C>T;NM_001286272:c.*337C>T;NM_003295:c.*247C>T	.	.	0.00035962297503945297
82	chr13	45337260	-	175.0	22.0	981.0	0.1783893985728848	0.022426095820591237						10.0	2.0	151.0	0.06622516556291391	0.01324503311258278	29.0	4.0	268.0	0.1082089552238806	0.01492537313432836	GACTG	G	A	UTR3	TPT1	NM_001286273:c.*126C>T;NM_001286272:c.*216C>T;NM_003295:c.*126C>T	.	.	0.03638301982622362
83	chr13	45337302	-	77.0	13.0	1065.0	0.07230046948356808	0.012206572769953052						4.0	2.0	165.0	0.02424242424242424	0.01212121212121212						GACAA	G	A	UTR3	TPT1	NM_001286273:c.*84C>T;NM_001286272:c.*174C>T;NM_003295:c.*84C>T	.	.	0.26157325530275605
84	chr13	45337385	-	95.0	10.0	975.0	0.09743589743589744	0.010256410256410256						10.0	4.0	151.0	0.06622516556291391	0.026490066225165563	13.0	4.0	268.0	0.048507462686567165	0.01492537313432836	AACAA	G	A	UTR3	TPT1	NM_001286273:c.*1C>T;NM_001286272:c.*91C>T;NM_003295:c.*1C>T	.	.	0.00019315508829750259
85	chr13	45339503	-	131.0	31.0	716.0	0.1829608938547486	0.04329608938547486	57.0	21.0	731.0	0.07797537619699042	0.028727770177838573	10.0	3.0	133.0	0.07518796992481203	0.022556390977443608	19.0	4.0	228.0	0.08333333333333333	0.017543859649122806	AACTA	G	A	exonic	TPT1	.	synonymous SNV	TPT1:NM_001286273:exon3:c.C291T:p.N97N,TPT1:NM_001286272:exon4:c.C393T:p.N131N,TPT1:NM_003295:exon4:c.C393T:p.N131N	0.00025075903623768747
86	chr13	45339559	-	85.0	24.0	777.0	0.1093951093951094	0.03088803088803089						8.0	3.0	138.0	0.05797101449275361	0.021739130434782608						AACCT	G	A	exonic	TPT1	.	nonsynonymous SNV	TPT1:NM_001286273:exon3:c.C235T:p.P79S,TPT1:NM_001286272:exon4:c.C337T:p.P113S,TPT1:NM_003295:exon4:c.C337T:p.P113S	1.0
87	chr13	45339574	-	51.0	11.0	815.0	0.06257668711656443	0.013496932515337423						4.0	2.0	145.0	0.027586206896551724	0.013793103448275862						GACCA	G	A	exonic	TPT1	.	nonsynonymous SNV	TPT1:NM_001286273:exon3:c.C220T:p.P74S,TPT1:NM_001286272:exon4:c.C322T:p.P108S,TPT1:NM_003295:exon4:c.C322T:p.P108S	0.014759937265533391
88	chr13	45339589	-	58.0	25.0	795.0	0.0729559748427673	0.031446540880503145	18.0	12.0	765.0	0.023529411764705882	0.015686274509803918	2.0	2.0	144.0	0.013888888888888888	0.013888888888888888						AACTT	G	A	exonic	TPT1	.	nonsynonymous SNV	TPT1:NM_001286273:exon3:c.C205T:p.L69F,TPT1:NM_001286272:exon4:c.C307T:p.L103F,TPT1:NM_003295:exon4:c.C307T:p.L103F	0.006482455190329156
89	chr13	46771365	-	8.0	3.0	65.0	0.12307692307692307	0.04615384615384616	6.0	2.0	65.0	0.09230769230769233	0.030769230769230767											TGCAA	G	A	UTR3	ESD	NM_001984:c.*51C>T	.	.	0.0008478018433973021
90	chr14	20457615	+	13.0	3.0	52.0	0.25	0.0576923076923077	16.0	4.0	161.0	0.09937888198757763	0.024844720496894408											AACTA	C	T	UTR3	APEX1	NM_001244249:c.*107C>T;NM_001641:c.*107C>T;NM_080649:c.*107C>T;NM_080648:c.*107C>T	.	.	0.017348436152388364
91	chr14	21210621	-	11.0	2.0	88.0	0.125	0.022727272727272728	4.0	2.0	61.0	0.06557377049180327	0.032786885245901634											AACAG	G	A	UTR3	HNRNPC	NM_031314:c.*602C>T;NM_001077442:c.*602C>T;NM_001077443:c.*602C>T;NM_004500:c.*602C>T	.	.	0.07363468294678624
92	chr14	21210966	-	35.0	3.0	180.0	0.19444444444444445	0.016666666666666666	20.0	2.0	107.0	0.18691588785046728	0.018691588785046728						14.0	5.0	75.0	0.18666666666666668	0.06666666666666668	GACTT	G	A	UTR3	HNRNPC	NM_031314:c.*257C>T;NM_001077442:c.*257C>T;NM_001077443:c.*257C>T;NM_004500:c.*257C>T	.	.	0.00016290979307013537
93	chr14	95544369	+	23.0	2.0	70.0	0.32857142857142857	0.028571428571428567	25.0	4.0	129.0	0.1937984496124031	0.031007751937984492											AACAA	C	T	UTR3	GLRX5	NM_016417:c.*244C>T	.	.	6.037734206641358e-05
94	chr14	102081242	-	24.0	5.0	379.0	0.0633245382585752	0.013192612137203168											9.0	2.0	170.0	0.052941176470588235	0.011764705882352941	AGCAA	G	A	UTR3	HSP90AA1	NM_005348:c.*470C>T;NM_001017963:c.*470C>T	.	.	0.4013295201752176
95	chr14	102081715	-	12.0	2.0	159.0	0.07547169811320754	0.012578616352201259											5.0	2.0	76.0	0.06578947368421052	0.02631578947368421	GACTA	G	A	exonic	HSP90AA1	.	synonymous SNV	HSP90AA1:NM_005348:exon11:c.C2196T:p.D732D,HSP90AA1:NM_001017963:exon12:c.C2562T:p.D854D	1.0
96	chr15	34341753	-	38.0	2.0	103.0	0.36893203883495146	0.019417475728155338	89.0	6.0	252.0	0.3531746031746032	0.023809523809523808											TACTA	G	A	UTR3	NOP10	NM_018648:c.*215C>T	.	.	2.4184231235254837e-06
97	chr15	64156899	-	15.0	2.0	117.0	0.1282051282051282	0.017094017094017096	23.0	3.0	168.0	0.13690476190476192	0.017857142857142856											ATCTA	G	A	exonic	PPIB	.	synonymous SNV	PPIB:NM_000942:exon4:c.C354T:p.I118I	1.0
98	chr15	66499405	-	209.0	35.0	1427.0	0.14646110721793973	0.02452697967764541						28.0	5.0	244.0	0.11475409836065575	0.020491803278688527	37.0	7.0	348.0	0.10632183908045977	0.020114942528735632	AACTC	G	A	UTR3	RPL4	NM_000968:c.*2C>T	.	.	0.00037973469119565194
99	chr15	66500131	-	146.0	47.0	1484.0	0.09838274932614556	0.031671159029649586	16.0	7.0	499.0	0.032064128256513016	0.014028056112224449	10.0	3.0	234.0	0.042735042735042736	0.01282051282051282	21.0	9.0	354.0	0.059322033898305086	0.025423728813559324	AACTT	G	A	exonic	RPL4	.	synonymous SNV	RPL4:NM_000968:exon9:c.C963T:p.N321N	0.002318180600519261
100	chr15	72200508	-	13.0	2.0	185.0	0.07027027027027027	0.010810810810810813											13.0	2.0	126.0	0.10317460317460317	0.015873015873015872	GACGT	G	A	exonic	PKM	.	synonymous SNV	PKM:NM_001206797:exon9:c.C1233T:p.D411D,PKM:NM_001206798:exon10:c.C1410T:p.D470D,PKM:NM_001206799:exon10:c.C1470T:p.D490D,PKM:NM_001316318:exon10:c.C1560T:p.D520D,PKM:NM_002654:exon10:c.C1455T:p.D485D,PKM:NM_182470:exon10:c.C1455T:p.D485D,PKM:NM_182471:exon10:c.C1455T:p.D485D,PKM:NM_001206796:exon11:c.C1677T:p.D559D	1.0
101	chr15	72206863	-	35.0	2.0	121.0	0.2892561983471074	0.016528925619834708	142.0	9.0	859.0	0.16530849825378344	0.01047729918509895						11.0	3.0	89.0	0.12359550561797752	0.033707865168539325	ATCAA	G	A	exonic	PKM	.	synonymous SNV	PKM:NM_001206797:exon7:c.C783T:p.I261I,PKM:NM_001206798:exon8:c.C960T:p.I320I,PKM:NM_001206799:exon8:c.C1020T:p.I340I,PKM:NM_001316318:exon8:c.C1110T:p.I370I,PKM:NM_002654:exon8:c.C1005T:p.I335I,PKM:NM_182470:exon8:c.C1005T:p.I335I,PKM:NM_182471:exon8:c.C1005T:p.I335I,PKM:NM_001206796:exon9:c.C1227T:p.I409I	1.0
102	chr15	74923744	-	50.0	2.0	160.0	0.3125	0.0125											18.0	2.0	75.0	0.24	0.02666666666666667	ATCTA	G	A	exonic	COX5A	.	synonymous SNV	COX5A:NM_004255:exon4:c.C366T:p.I122I	1.0
103	chr15	82372234	-	125.0	30.0	617.0	0.2025931928687196	0.04862236628849271	96.0	18.0	901.0	0.10654827968923418	0.019977802441731408	11.0	3.0	122.0	0.09016393442622953	0.024590163934426233	22.0	5.0	181.0	0.12154696132596685	0.027624309392265192	TGCAA	G	A	ncRNA_intronic	UBE2Q2P2	.	.	.	0.000416958677397968
104	chr15	82372254	-	57.0	13.0	629.0	0.09062003179650238	0.02066772655007949											15.0	4.0	180.0	0.08333333333333333	0.022222222222222227	TACTT	G	A	ncRNA_intronic	UBE2Q2P2	.	.	.	0.05007725606590642
105	chr15	82372382	-	90.0	36.0	564.0	0.1595744680851064	0.06382978723404255	88.0	36.0	865.0	0.10173410404624278	0.04161849710982659	8.0	4.0	116.0	0.06896551724137931	0.03448275862068965	20.0	7.0	164.0	0.12195121951219512	0.042682926829268296	AACAA	G	A	ncRNA_intronic	UBE2Q2P2	.	.	.	0.0008602479281741304
106	chr15	82372778	-	31.0	10.0	469.0	0.06609808102345416	0.021321961620469083	20.0	10.0	720.0	0.027777777777777776	0.013888888888888888						6.0	3.0	154.0	0.03896103896103896	0.01948051948051948	GACTT	G	A	ncRNA_intronic	UBE2Q2P2	.	.	.	1.0
107	chr16	30065840	+	28.0	3.0	170.0	0.16470588235294115	0.017647058823529408											7.0	3.0	133.0	0.05263157894736842	0.022556390977443608	GACGA	C	T	UTR5	ALDOA	NM_001243177:c.-1058C>T;NM_184041:c.-1415C>T	.	.	1.0
108	chr16	30068969	+	91.0	6.0	345.0	0.263768115942029	0.017391304347826087	122.0	12.0	1144.0	0.10664335664335664	0.01048951048951049						23.0	3.0	228.0	0.10087719298245612	0.013157894736842105	ATCTG	C	T	exonic	ALDOA	.	synonymous SNV	ALDOA:NM_001127617:exon5:c.C531T:p.I177I,ALDOA:NM_184041:exon5:c.C531T:p.I177I,ALDOA:NM_184043:exon5:c.C531T:p.I177I,ALDOA:NM_001243177:exon6:c.C693T:p.I231I	1.0
109	chr16	67871289	+	21.0	3.0	97.0	0.21649484536082475	0.030927835051546393	17.0	3.0	151.0	0.11258278145695363	0.019867549668874173											TACAA	C	T	UTR3	NUTF2	NM_001322038:c.*376C>T;NM_001322039:c.*376C>T;NM_005796:c.*376C>T;NM_001322040:c.*376C>T;NM_001322041:c.*376C>T	.	.	0.00012135767210829141
110	chr16	88810085	-	36.0	2.0	170.0	0.21176470588235294	0.011764705882352941											15.0	2.0	137.0	0.10948905109489053	0.0145985401459854	ATCTG	G	A	exonic	APRT	.	synonymous SNV	APRT:NM_000485:exon4:c.C385T:p.L129L,APRT:NM_001030018:exon4:c.C385T:p.L129L	1.0
111	chr17	1345089	-	50.0	9.0	233.0	0.2145922746781116	0.03862660944206009						11.0	3.0	76.0	0.14473684210526316	0.03947368421052632	12.0	4.0	106.0	0.11320754716981132	0.03773584905660377	TGCAA	G	A	UTR3	YWHAE	NM_006761:c.*358C>T	.	.	0.04298080271304551
112	chr17	7312438	+	98.0	27.0	433.0	0.2263279445727483	0.06235565819861433	250.0	109.0	795.0	0.31446540880503143	0.1371069182389937	89.0	44.0	194.0	0.4587628865979381	0.2268041237113402	125.0	54.0	282.0	0.4432624113475177	0.1914893617021277	AACTA	C	T	UTR3	EIF5A	NM_001143760:c.*628C>T;NM_001370420:c.*628C>T;NM_001970:c.*628C>T;NM_001143761:c.*628C>T;NM_001370421:c.*628C>T;NM_001143762:c.*628C>T	.	.	0.00010819130034957244
113	chr17	8377597	-	380.0	39.0	1759.0	0.2160318362706083	0.022171688459351902	325.0	46.0	2119.0	0.15337423312883436	0.021708352996696555	46.0	11.0	344.0	0.13372093023255813	0.03197674418604651	72.0	12.0	498.0	0.14457831325301204	0.024096385542168683	TACAA	G	A	exonic	RPL26	.	synonymous SNV	RPL26:NM_000987:exon4:c.C405T:p.Y135Y,RPL26:NM_001315530:exon4:c.C405T:p.Y135Y,RPL26:NM_001315531:exon4:c.C405T:p.Y135Y	0.00327216868181838
114	chr17	42125590	-	18.0	4.0	53.0	0.33962264150943394	0.07547169811320754	25.0	5.0	76.0	0.32894736842105265	0.06578947368421052											TACTA	G	A	UTR3	RAB5C	NM_001252039:c.*193C>T;NM_201434:c.*193C>T;NM_004583:c.*193C>T	.	.	0.000471691890889293
115	chr17	43002875	+	293.0	18.0	1453.0	0.20165175498967647	0.012388162422573986						37.0	9.0	380.0	0.09736842105263158	0.02368421052631579	48.0	9.0	577.0	0.0831889081455806	0.015597920277296359	TACAA	C	T	exonic	RPL27	.	synonymous SNV	RPL27:NM_001349922:exon4:c.C366T:p.Y122Y,RPL27:NM_000988:exon5:c.C366T:p.Y122Y,RPL27:NM_001349921:exon5:c.C366T:p.Y122Y	0.014095740699304653
116	chr17	43002924	+	443.0	34.0	1726.0	0.2566628041714948	0.01969872537659328											86.0	10.0	653.0	0.13169984686064318	0.015313935681470138	TGCTT	C	T	UTR3	RPL27	NM_001349921:c.*4C>T;NM_000988:c.*4C>T;NM_001349922:c.*4C>T	.	.	0.0017392117122863363
117	chr17	74209836	+	273.0	30.0	1522.0	0.17936925098554535	0.019710906701708282											50.0	7.0	627.0	0.07974481658692185	0.011164274322169059	GACAC	C	T	UTR3	RPL38	NM_001035258:c.*7C>T;NM_000999:c.*7C>T	.	.	0.027334798694143042
118	chr17	75167888	-	23.0	4.0	120.0	0.19166666666666668	0.03333333333333333	15.0	7.0	134.0	0.11194029850746268	0.05223880597014925						9.0	3.0	61.0	0.14754098360655735	0.049180327868852465	AACCA	G	A	UTR3	SUMO2	NM_001005849:c.*451C>T;NM_006937:c.*451C>T	.	.	3.3072701063870465e-06
119	chr17	81843639	-	8.0	5.0	236.0	0.03389830508474576	0.0211864406779661	4.0	3.0	265.0	0.01509433962264151	0.011320754716981131											GACAT	G	A	UTR3	P4HB	NM_000918:c.*373C>T	.	.	0.020411506687552417
120	chr18	6462178	-	78.0	5.0	272.0	0.2867647058823529	0.018382352941176468	50.0	6.0	279.0	0.17921146953405018	0.021505376344086027											GACGA	G	A	intergenic	L3MBTL4;LINC01387	dist=46919;dist=49238	.	.	0.26536801051597414
121	chr18	49488536	-	44.0	22.0	982.0	0.044806517311608965	0.022403258655804482						6.0	4.0	269.0	0.022304832713754646	0.01486988847583643						AACTT	G	A	exonic	RPL17	.	nonsynonymous SNV	RPL17:NM_001369563:exon4:c.C424T:p.L142F,RPL17:NM_001199345:exon5:c.C424T:p.L142F,RPL17:NM_001369562:exon5:c.C424T:p.L142F,RPL17:NM_000985:exon6:c.C538T:p.L180F,RPL17:NM_001035006:exon6:c.C538T:p.L180F,RPL17:NM_001369555:exon6:c.C553T:p.L185F,RPL17:NM_001369560:exon6:c.C508T:p.L170F,RPL17:NM_001369561:exon6:c.C508T:p.L170F,RPL17:NM_001199340:exon7:c.C538T:p.L180F,RPL17:NM_001199341:exon7:c.C538T:p.L180F,RPL17:NM_001199344:exon7:c.C538T:p.L180F,RPL17:NM_001369556:exon7:c.C538T:p.L180F,RPL17:NM_001369557:exon7:c.C538T:p.L180F,RPL17:NM_001369558:exon7:c.C538T:p.L180F,RPL17:NM_001199342:exon8:c.C538T:p.L180F,RPL17:NM_001199343:exon8:c.C538T:p.L180F	0.06787220917725548
122	chr18	49488551	-	110.0	65.0	1004.0	0.1095617529880478	0.0647410358565737	31.0	21.0	878.0	0.03530751708428246	0.023917995444191344	12.0	10.0	270.0	0.04444444444444445	0.037037037037037035	12.0	10.0	305.0	0.03934426229508197	0.032786885245901634	AACTG	G	A	exonic	RPL17	.	synonymous SNV	RPL17:NM_001369563:exon4:c.C409T:p.L137L,RPL17:NM_001199345:exon5:c.C409T:p.L137L,RPL17:NM_001369562:exon5:c.C409T:p.L137L,RPL17:NM_000985:exon6:c.C523T:p.L175L,RPL17:NM_001035006:exon6:c.C523T:p.L175L,RPL17:NM_001369555:exon6:c.C538T:p.L180L,RPL17:NM_001369560:exon6:c.C493T:p.L165L,RPL17:NM_001369561:exon6:c.C493T:p.L165L,RPL17:NM_001199340:exon7:c.C523T:p.L175L,RPL17:NM_001199341:exon7:c.C523T:p.L175L,RPL17:NM_001199344:exon7:c.C523T:p.L175L,RPL17:NM_001369556:exon7:c.C523T:p.L175L,RPL17:NM_001369557:exon7:c.C523T:p.L175L,RPL17:NM_001369558:exon7:c.C523T:p.L175L,RPL17:NM_001199342:exon8:c.C523T:p.L175L,RPL17:NM_001199343:exon8:c.C523T:p.L175L	0.03607760334100231
123	chr18	49490885	-	211.0	36.0	950.0	0.22210526315789475	0.03789473684210527	72.0	17.0	685.0	0.10510948905109488	0.024817518248175185	31.0	9.0	262.0	0.1183206106870229	0.03435114503816794	34.0	4.0	303.0	0.1122112211221122	0.0132013201320132	TACGA	G	A	exonic	RPL17;RPL17-C18orf32	.	stopgain	RPL17:NM_001369563:exon1:c.C10T:p.R4X,RPL17:NM_001199345:exon2:c.C10T:p.R4X,RPL17-C18orf32:NM_001199356:exon2:c.C10T:p.R4X,RPL17:NM_001369562:exon2:c.C10T:p.R4X,RPL17:NM_000985:exon3:c.C124T:p.R42X,RPL17:NM_001035006:exon3:c.C124T:p.R42X,RPL17-C18orf32:NM_001199355:exon3:c.C124T:p.R42X,RPL17:NM_001369555:exon3:c.C139T:p.R47X,RPL17:NM_001369560:exon3:c.C94T:p.R32X,RPL17:NM_001369561:exon3:c.C94T:p.R32X,RPL17:NM_001199340:exon4:c.C124T:p.R42X,RPL17:NM_001199341:exon4:c.C124T:p.R42X,RPL17:NM_001199344:exon4:c.C124T:p.R42X,RPL17:NM_001369556:exon4:c.C124T:p.R42X,RPL17:NM_001369557:exon4:c.C124T:p.R42X,RPL17:NM_001369558:exon4:c.C124T:p.R42X,RPL17:NM_001199342:exon5:c.C124T:p.R42X,RPL17:NM_001199343:exon5:c.C124T:p.R42X	0.18039764447800216
124	chr18	49490914	-	70.0	10.0	944.0	0.07415254237288135	0.01059322033898305						12.0	4.0	261.0	0.045977011494252866	0.01532567049808429						AACTG	G	A	exonic	RPL17;RPL17-C18orf32	.	nonsynonymous SNV	RPL17:NM_000985:exon3:c.C95T:p.T32I,RPL17:NM_001035006:exon3:c.C95T:p.T32I,RPL17-C18orf32:NM_001199355:exon3:c.C95T:p.T32I,RPL17:NM_001369555:exon3:c.C110T:p.T37I,RPL17:NM_001369560:exon3:c.C65T:p.T22I,RPL17:NM_001369561:exon3:c.C65T:p.T22I,RPL17:NM_001199340:exon4:c.C95T:p.T32I,RPL17:NM_001199341:exon4:c.C95T:p.T32I,RPL17:NM_001199344:exon4:c.C95T:p.T32I,RPL17:NM_001369556:exon4:c.C95T:p.T32I,RPL17:NM_001369557:exon4:c.C95T:p.T32I,RPL17:NM_001369558:exon4:c.C95T:p.T32I,RPL17:NM_001199342:exon5:c.C95T:p.T32I,RPL17:NM_001199343:exon5:c.C95T:p.T32I	0.307186933549782
125	chr19	2273467	+	9.0	4.0	147.0	0.061224489795918366	0.027210884353741496	11.0	6.0	227.0	0.048458149779735685	0.02643171806167401											AGCCA	C	T	UTR3	OAZ1	NM_001301020:c.*359C>T;NM_004152:c.*359C>T	.	.	1.0
126	chr19	8488886	+	10.0	2.0	72.0	0.1388888888888889	0.027777777777777776	7.0	2.0	123.0	0.05691056910569105	0.016260162601626018											GACCT	C	T	UTR3	HNRNPM	NM_001297418:c.*32C>T;NM_005968:c.*32C>T;NM_031203:c.*32C>T	.	.	0.000642303386796077
127	chr19	12943904	+	16.0	2.0	160.0	0.1	0.0125	6.0	2.0	102.0	0.05882352941176471	0.0196078431372549											GACGA	C	T	exonic	CALR	.	synonymous SNV	CALR:NM_004343:exon9:c.C1245T:p.D415D	1.0
128	chr19	13778202	+	65.0	3.0	127.0	0.5118110236220472	0.023622047244094488	144.0	10.0	324.0	0.4444444444444444	0.0308641975308642											GACGC	C	T	UTR3	C19orf53	NM_014047:c.*4C>T	.	.	1.0
129	chr19	39435914	-	442.0	19.0	1387.0	0.3186733958183129	0.0136986301369863						60.0	3.0	277.0	0.21660649819494585	0.010830324909747292						GTCTA	G	A	UTR5	RPS16	NM_001321111:c.-19C>T;NM_001020:c.-19C>T;NM_001363860:c.-19C>T	.	.	1.0
130	chr19	50798419	-	7.0	2.0	117.0	0.059829059829059825	0.017094017094017096	10.0	4.0	362.0	0.027624309392265192	0.011049723756906077											ATCCA	G	A	exonic	C19orf48	.	synonymous SNV	C19orf48:NM_001290150:exon3:c.C30T:p.I10I,C19orf48:NM_001290151:exon4:c.C30T:p.I10I,C19orf48:NM_001290152:exon4:c.C30T:p.I10I,C19orf48:NM_001290155:exon4:c.C30T:p.I10I,C19orf48:NM_032712:exon4:c.C30T:p.I10I,C19orf48:NM_199250:exon4:c.C30T:p.I10I,C19orf48:NM_001290153:exon5:c.C30T:p.I10I,C19orf48:NM_001290154:exon5:c.C30T:p.I10I,C19orf48:NM_199249:exon5:c.C30T:p.I10I,C19orf48:NM_001290149:exon6:c.C30T:p.I10I	1.0
131	chr2	24067639	-	12.0	2.0	157.0	0.07643312101910828	0.012738853503184714	6.0	3.0	106.0	0.05660377358490566	0.02830188679245283											AACTT	G	A	UTR3	SF3B6	NM_016047:c.*123C>T	.	.	0.00023776248531319645
132	chr2	61868455	-	9.0	5.0	135.0	0.06666666666666668	0.037037037037037035											5.0	3.0	54.0	0.0925925925925926	0.05555555555555555	AACTA	G	A	UTR3	CCT4	NM_006430:c.*237C>T;NM_001256721:c.*237C>T	.	.	1.5513679229660766e-06
133	chr2	61868542	-	43.0	11.0	193.0	0.22279792746113988	0.056994818652849735						12.0	5.0	67.0	0.1791044776119403	0.07462686567164177	21.0	4.0	80.0	0.2625	0.05	AACAA	G	A	UTR3	CCT4	NM_006430:c.*150C>T;NM_001256721:c.*150C>T	.	.	6.826758654303676e-06
134	chr2	63607094	+	20.0	3.0	87.0	0.2298850574712644	0.03448275862068965	14.0	3.0	90.0	0.15555555555555556	0.03333333333333333											AACAA	C	T	UTR3	MDH1	NM_005917:c.*107C>T;NM_001316374:c.*50C>T;NM_001199111:c.*107C>T;NM_001199112:c.*107C>T	.	.	1.1784805788992867e-05
135	chr2	174720399	+	16.0	6.0	165.0	0.09696969696969696	0.03636363636363636	43.0	14.0	514.0	0.08365758754863813	0.027237354085603117	6.0	3.0	64.0	0.09375	0.046875	7.0	2.0	66.0	0.10606060606060606	0.030303030303030307	AACGT	C	T	ncRNA_exonic	H3P6	.	.	.	0.015722191353820986
136	chr2	174720536	+	25.0	4.0	193.0	0.12953367875647667	0.02072538860103627	33.0	8.0	557.0	0.059245960502693	0.014362657091561941	5.0	3.0	70.0	0.07142857142857142	0.042857142857142864						GACGT	C	T	ncRNA_exonic	H3P6	.	.	.	0.0002550216732025273
137	chr2	174720543	+	5.0	3.0	191.0	0.026178010471204192	0.015706806282722512	20.0	10.0	554.0	0.036101083032490974	0.018050541516245487						3.0	2.0	79.0	0.0379746835443038	0.02531645569620253	AGCAT	C	T	ncRNA_exonic	H3P6	.	.	.	0.0036203761952036404
138	chr2	174720551	+	28.0	8.0	192.0	0.14583333333333334	0.04166666666666666	86.0	38.0	555.0	0.15495495495495495	0.06846846846846846	13.0	5.0	69.0	0.18840579710144928	0.07246376811594203	17.0	7.0	74.0	0.2297297297297297	0.0945945945945946	TGCAA	C	T	ncRNA_exonic	H3P6	.	.	.	0.011227278879813523
139	chr2	174720637	+	11.0	2.0	189.0	0.0582010582010582	0.01058201058201058	30.0	12.0	494.0	0.06072874493927125	0.024291497975708502	4.0	3.0	69.0	0.05797101449275361	0.043478260869565216						TGCCA	C	T	ncRNA_exonic	H3P6	.	.	.	0.0011988959907903796
140	chr2	176200925	-	69.0	3.0	121.0	0.5702479338842975	0.02479338842975207	70.0	3.0	102.0	0.6862745098039216	0.029411764705882356											GCCTT	G	A	intergenic	HOXD1;MTX2	dist=10018;dist=68517	.	.	1.0
141	chr2	197486892	-	19.0	5.0	223.0	0.08520179372197309	0.022421524663677132											6.0	2.0	91.0	0.06593406593406594	0.02197802197802198	GACAA	G	A	ncRNA_exonic	SNORA105A;SNORA105B	.	.	.	0.017596188050861057
142	chr2	197486932	-	8.0	3.0	194.0	0.041237113402061855	0.015463917525773196	2.0	2.0	92.0	0.021739130434782608	0.021739130434782608											GGCTG	G	A	UTR3	HSPD1	NM_002156:c.*114C>T;NM_199440:c.*114C>T	.	.	1.0
143	chr2	197487037	-	10.0	4.0	196.0	0.051020408163265314	0.020408163265306117	3.0	2.0	89.0	0.033707865168539325	0.02247191011235955											GACTA	G	A	UTR3	HSPD1	NM_002156:c.*9C>T;NM_199440:c.*9C>T	.	.	0.022149853169447717
144	chr2	231455016	-	23.0	5.0	127.0	0.1811023622047244	0.03937007874015748	10.0	2.0	114.0	0.08771929824561403	0.017543859649122806											GACTG	G	A	UTR3	NCL	NM_005381:c.*175C>T	.	.	0.011623186440372007
145	chr2	231713488	+	30.0	8.0	368.0	0.08152173913043477	0.021739130434782608											11.0	3.0	159.0	0.06918238993710693	0.018867924528301886	AACAA	C	T	UTR3	PTMA	NM_001099285:c.*637C>T;NM_002823:c.*637C>T	.	.	0.0027334674030772077
146	chr20	5115048	-	23.0	9.0	109.0	0.21100917431192664	0.08256880733944955	24.0	9.0	143.0	0.16783216783216784	0.06293706293706294						11.0	6.0	55.0	0.2	0.10909090909090907	TACTT	G	A	UTR3	PCNA	NM_002592:c.*235C>T;NM_182649:c.*235C>T	.	.	1.759047669279572e-05
147	chr20	34089469	-	57.0	5.0	187.0	0.3048128342245989	0.026737967914438502						23.0	3.0	54.0	0.4259259259259259	0.05555555555555555	27.0	5.0	73.0	0.3698630136986301	0.0684931506849315	TGCAA	G	A	UTR3	EIF2S2	NM_001316363:c.*261C>T;NM_001316364:c.*261C>T;NM_003908:c.*261C>T	.	.	5.747646735872464e-05
148	chr20	34089562	-	45.0	3.0	188.0	0.2393617021276596	0.015957446808510637											18.0	2.0	71.0	0.2535211267605634	0.028169014084507043	GACAT	G	A	UTR3	EIF2S2	NM_001316363:c.*168C>T;NM_001316364:c.*168C>T;NM_003908:c.*168C>T	.	.	1.0
149	chr20	36612418	+	23.0	2.0	62.0	0.3709677419354839	0.03225806451612903	26.0	6.0	99.0	0.26262626262626265	0.060606060606060615											AACTA	C	T	UTR3	RAB5IF;SLA2;TGIF2-RAB5IF	NM_018840:c.*367C>T;NM_001199534:c.*371C>T;NM_001374178:c.*409C>T;NM_199483:c.*195C>T;NM_032214:c.*1448G>A;NM_175077:c.*1551G>A;NM_001199535:c.*367C>T	.	.	0.003770385386217603
150	chr20	49289204	+	66.0	20.0	370.0	0.1783783783783784	0.054054054054054064	15.0	5.0	288.0	0.052083333333333336	0.017361111111111112											GACTT	C	T	ncRNA_exonic	ZFAS1	.	.	.	0.004528308426283202
151	chr20	59028819	-	31.0	5.0	264.0	0.11742424242424244	0.01893939393939394											7.0	3.0	173.0	0.04046242774566474	0.017341040462427744	TGCTA	G	A	ncRNA_exonic	SLMO2-ATP5E	.	.	.	0.1916334467156857
152	chr21	31668730	+	5.0	2.0	64.0	0.078125	0.03125	14.0	7.0	242.0	0.05785123966942149	0.028925619834710745											AACTG	C	T	UTR3	SOD1	NM_000454:c.*152C>T	.	.	0.000533819620896527
153	chr21	31668814	+	23.0	2.0	66.0	0.3484848484848485	0.030303030303030307	45.0	12.0	228.0	0.1973684210526316	0.05263157894736842											GACTT	C	T	UTR3	SOD1	NM_000454:c.*236C>T	.	.	0.01559172580484896
154	chr21	39342442	-	25.0	2.0	191.0	0.13089005235602094	0.010471204188481676	8.0	3.0	91.0	0.08791208791208792	0.03296703296703297	12.0	3.0	51.0	0.2352941176470588	0.05882352941176471						CACTG	G	A	UTR3	HMGN1	NM_004965:c.*670C>T	.	.	0.0008085950471987445
155	chr21	39342500	-	19.0	4.0	196.0	0.09693877551020408	0.020408163265306117						4.0	2.0	53.0	0.07547169811320754	0.03773584905660377						TACTG	G	A	UTR3	HMGN1	NM_004965:c.*612C>T	.	.	0.10456879825714177
156	chr21	39342539	-	18.0	7.0	214.0	0.08411214953271028	0.032710280373831765						4.0	3.0	54.0	0.07407407407407407	0.05555555555555555						AACTG	G	A	UTR3	HMGN1	NM_004965:c.*573C>T	.	.	1.0
157	chr21	39342744	-	24.0	4.0	137.0	0.17518248175182485	0.0291970802919708	7.0	4.0	61.0	0.11475409836065575	0.06557377049180327						6.0	2.0	51.0	0.1176470588235294	0.0392156862745098	AACAT	G	A	UTR3	HMGN1	NM_004965:c.*368C>T	.	.	0.0022695894500415602
158	chr21	39342796	-	29.0	10.0	113.0	0.2566371681415929	0.08849557522123894	18.0	6.0	56.0	0.32142857142857145	0.10714285714285714											TACAA	G	A	UTR3	HMGN1	NM_004965:c.*316C>T	.	.	5.2967556013461295e-05
159	chr22	31434162	+	31.0	3.0	99.0	0.31313131313131315	0.030303030303030307	8.0	3.0	53.0	0.1509433962264151	0.05660377358490566											ATCTG	C	T	UTR3	DRG1	NM_004147:c.*191C>T	.	.	1.0
160	chr22	40826312	-	13.0	3.0	69.0	0.18840579710144928	0.043478260869565216	6.0	3.0	54.0	0.1111111111111111	0.05555555555555555											AACTT	G	A	UTR3	ST13	NM_003932:c.*226C>T;NM_001278589:c.*226C>T	.	.	7.594859701097704e-05
161	chr22	42086152	-	17.0	2.0	85.0	0.2	0.023529411764705882	30.0	5.0	245.0	0.12244897959183673	0.020408163265306117											TACTA	G	A	UTR3	NDUFA6	NM_002490:c.*31C>T	.	.	0.0021791077898061168
162	chr3	10301042	-	15.0	4.0	68.0	0.22058823529411764	0.05882352941176471	28.0	14.0	181.0	0.15469613259668508	0.07734806629834254											AACTA	G	A	UTR3	SEC13	NM_001136232:c.*219C>T;NM_001136026:c.*219C>T;NM_030673:c.*219C>T;NM_183352:c.*219C>T	.	.	0.00020180419737573078
163	chr3	23919586	+	21.0	3.0	82.0	0.25609756097560976	0.03658536585365853	28.0	2.0	191.0	0.14659685863874344	0.010471204188481676											AACTA	C	T	UTR3	RPL15	NM_001253379:c.*85C>T;NM_001253382:c.*85C>T;NM_001253380:c.*85C>T;NM_001253383:c.*85C>T;NM_002948:c.*85C>T	.	.	0.0005376358313163936
164	chr3	23919654	+	6.0	2.0	89.0	0.06741573033707865	0.02247191011235955	6.0	2.0	196.0	0.030612244897959183	0.010204081632653059											GACAA	C	T	UTR3	RPL15	NM_001253379:c.*153C>T;NM_001253382:c.*153C>T;NM_001253380:c.*153C>T;NM_001253383:c.*153C>T;NM_002948:c.*153C>T	.	.	0.0011505400325702044
165	chr3	23920690	+	14.0	10.0	100.0	0.14	0.1	3.0	2.0	52.0	0.0576923076923077	0.038461538461538464											GACTC	C	T	UTR3	RPL15	NM_001253379:c.*1189C>T;NM_001253382:c.*1189C>T;NM_001253380:c.*1189C>T;NM_001253383:c.*1189C>T;NM_002948:c.*1189C>T	.	.	0.0021381820725380482
166	chr3	49024793	-	23.0	2.0	127.0	0.1811023622047244	0.015748031496062992	20.0	6.0	338.0	0.059171597633136085	0.017751479289940832											GACAA	G	A	exonic	IMPDH2	.	synonymous SNV	IMPDH2:NM_000884:exon12:c.C1305T:p.D435D	1.0
167	chr3	51388993	+	11.0	2.0	64.0	0.171875	0.03125	8.0	2.0	54.0	0.14814814814814814	0.037037037037037035											TGCAA	C	T	exonic	MANF	.	synonymous SNV	MANF:NM_006010:exon4:c.C453T:p.C151C	1.0
168	chr3	129315868	-	26.0	2.0	77.0	0.3376623376623377	0.025974025974025976	16.0	3.0	91.0	0.17582417582417584	0.03296703296703297											GACGA	G	A	exonic	H1-10	.	nonsynonymous SNV	H1-10:NM_006026:exon1:c.C35T:p.T12M	1.0
169	chr4	6642683	+	13.0	4.0	175.0	0.07428571428571429	0.022857142857142857	5.0	3.0	73.0	0.0684931506849315	0.0410958904109589	5.0	2.0	53.0	0.09433962264150944	0.03773584905660377						AACAA	C	T	UTR3	MRFAP1	NM_033296:c.*966C>T;NM_001272054:c.*966C>T;NM_001272053:c.*966C>T	.	.	0.00012016144303517002
170	chr4	39454160	-	56.0	14.0	320.0	0.175	0.04375	74.0	13.0	797.0	0.09284818067754078	0.01631116687578419	12.0	5.0	81.0	0.14814814814814814	0.061728395061728385	14.0	3.0	145.0	0.09655172413793103	0.020689655172413796	TGCAA	G	A	UTR3	RPL9	NM_001024921:c.*76C>T;NM_000661:c.*76C>T	.	.	0.0018182752504827156
171	chr4	39454615	-	52.0	15.0	290.0	0.1793103448275862	0.05172413793103448	94.0	45.0	753.0	0.1248339973439575	0.059760956175298814	13.0	6.0	80.0	0.1625	0.075	20.0	11.0	143.0	0.13986013986013987	0.07692307692307693	AACAA	G	A	exonic	RPL9	.	synonymous SNV	RPL9:NM_000661:exon7:c.C507T:p.N169N,RPL9:NM_001024921:exon7:c.C507T:p.N169N	0.0008602479281741304
172	chr4	39458245	-	17.0	5.0	258.0	0.06589147286821706	0.01937984496124031	17.0	7.0	669.0	0.025411061285500747	0.010463378176382659						8.0	4.0	135.0	0.05925925925925926	0.02962962962962963	GACTT	G	A	exonic	RPL9	.	synonymous SNV	RPL9:NM_000661:exon3:c.C111T:p.D37D,RPL9:NM_001024921:exon3:c.C111T:p.D37D	1.0
173	chr4	40426078	-	66.0	3.0	147.0	0.4489795918367347	0.020408163265306117	22.0	2.0	61.0	0.3606557377049181	0.032786885245901634						27.0	3.0	68.0	0.3970588235294117	0.04411764705882353	ATCTA	G	A	exonic	RBM47	.	synonymous SNV	RBM47:NM_019027:exon5:c.C1401T:p.I467I,RBM47:NM_001371113:exon6:c.C1608T:p.I536I,RBM47:NM_001371114:exon6:c.C1494T:p.I498I,RBM47:NM_001098634:exon7:c.C1608T:p.I536I	1.0
174	chr4	99948157	-	18.0	3.0	283.0	0.0636042402826855	0.01060070671378092											5.0	2.0	162.0	0.0308641975308642	0.012345679012345678	AACAA	G	A	UTR3	H2AZ1	NM_002106:c.*305C>T	.	.	0.0005178031013317909
175	chr4	99948195	-	35.0	16.0	345.0	0.10144927536231883	0.0463768115942029	68.0	37.0	1044.0	0.06513409961685822	0.035440613026819924	13.0	10.0	106.0	0.12264150943396225	0.09433962264150944	14.0	9.0	181.0	0.07734806629834254	0.04972375690607735	AACTG	G	A	UTR3	H2AZ1	NM_002106:c.*267C>T	.	.	5.364181739977526e-05
176	chr4	99948209	-	38.0	5.0	349.0	0.10888252148997137	0.014326647564469915	57.0	11.0	1046.0	0.05449330783938815	0.010516252390057362	8.0	3.0	107.0	0.07476635514018691	0.02803738317757009	18.0	7.0	179.0	0.1005586592178771	0.03910614525139665	GACTG	G	A	UTR3	H2AZ1	NM_002106:c.*253C>T	.	.	0.007810611490910546
177	chr4	99948246	-	18.0	5.0	358.0	0.05027932960893855	0.013966480446927372											6.0	3.0	181.0	0.03314917127071823	0.016574585635359115	AGCTA	G	A	UTR3	H2AZ1	NM_002106:c.*216C>T	.	.	0.010331612857818513
178	chr4	99948279	-	17.0	5.0	341.0	0.049853372434017586	0.014662756598240468											3.0	2.0	169.0	0.017751479289940832	0.01183431952662722	AACCA	G	A	UTR3	H2AZ1	NM_002106:c.*183C>T	.	.	0.13213234766986207
179	chr4	151101060	+	216.0	69.0	1464.0	0.14754098360655735	0.0471311475409836	18.0	5.0	273.0	0.06593406593406594	0.01831501831501832	31.0	13.0	333.0	0.09309309309309308	0.03903903903903904	48.0	13.0	482.0	0.0995850622406639	0.026970954356846474	TTCAA	C	T	exonic	RPS3A	.	synonymous SNV	RPS3A:NM_001006:exon3:c.C252T:p.F84F	0.027460721157633296
180	chr4	151102902	+	206.0	59.0	1570.0	0.13121019108280255	0.0375796178343949	17.0	7.0	381.0	0.044619422572178484	0.01837270341207349	12.0	5.0	342.0	0.03508771929824561	0.014619883040935672	25.0	6.0	516.0	0.04844961240310078	0.011627906976744186	GACTA	C	T	exonic	RPS3A	.	nonsynonymous SNV	RPS3A:NM_001006:exon4:c.C386T:p.T129I	0.0668502224826329
181	chr4	151104602	+	386.0	42.0	1387.0	0.2782984859408796	0.03028118240807498						28.0	4.0	294.0	0.09523809523809523	0.013605442176870748	56.0	6.0	443.0	0.12641083521444696	0.013544018058690743	GACTT	C	T	UTR3	RPS3A	NM_001006:c.*9C>T	.	.	0.005232683323460008
182	chr4	173331796	-	70.0	12.0	198.0	0.35353535353535354	0.060606060606060615	109.0	24.0	290.0	0.3758620689655172	0.08275862068965517	19.0	7.0	51.0	0.3725490196078432	0.13725490196078433	41.0	7.0	90.0	0.4555555555555556	0.07777777777777778	AACTT	G	A	UTR3	HMGB2	NM_002129:c.*284C>T;NM_001130688:c.*284C>T;NM_001130689:c.*284C>T	.	.	0.005289368300523221
183	chr4	173331881	-	22.0	5.0	197.0	0.1116751269035533	0.02538071065989848	14.0	3.0	286.0	0.04895104895104895	0.01048951048951049											TACAG	G	A	UTR3	HMGB2	NM_002129:c.*199C>T;NM_001130688:c.*199C>T;NM_001130689:c.*199C>T	.	.	0.008953566451507133
184	chr4	173331972	-	51.0	19.0	169.0	0.3017751479289941	0.1124260355029586	102.0	53.0	247.0	0.41295546558704455	0.2145748987854251						39.0	19.0	79.0	0.4936708860759494	0.2405063291139241	AACTG	G	A	UTR3	HMGB2	NM_002129:c.*108C>T;NM_001130688:c.*108C>T;NM_001130689:c.*108C>T	.	.	0.00010113750527054637
185	chr5	10264798	+	20.0	5.0	207.0	0.0966183574879227	0.024154589371980683	7.0	2.0	133.0	0.05263157894736842	0.015037593984962403											AACTA	C	T	UTR3	CCT5	NM_001306154:c.*15C>T;NM_001306153:c.*15C>T;NM_012073:c.*15C>T;NM_001306155:c.*15C>T;NM_001306156:c.*15C>T	.	.	0.003967933966328822
186	chr5	73499164	+	30.0	4.0	343.0	0.08746355685131195	0.011661807580174929	11.0	2.0	173.0	0.06358381502890173	0.011560693641618495											AACTC	C	T	exonic	BTF3	.	nonsynonymous SNV	BTF3:NM_001037637:exon2:c.C163T:p.L55F,BTF3:NM_001207:exon2:c.C31T:p.L11F	0.26742959094434116
187	chr5	73505467	+	58.0	12.0	459.0	0.12636165577342048	0.026143790849673203	33.0	12.0	359.0	0.09192200557103064	0.033426183844011144	15.0	10.0	102.0	0.14705882352941174	0.09803921568627452	16.0	5.0	179.0	0.0893854748603352	0.027932960893854747	AACAA	C	T	UTR3	BTF3	NM_001207:c.*229C>T;NM_001037637:c.*229C>T	.	.	0.00035832543550962695
188	chr5	82276120	-	102.0	27.0	1902.0	0.05362776025236593	0.014195583596214513						14.0	4.0	394.0	0.03553299492385787	0.01015228426395939						GACCA	G	A	exonic	RPS23	.	nonsynonymous SNV	RPS23:NM_001025:exon4:c.C421T:p.P141S	0.0015508626131858327
189	chr5	131159423	-	12.0	3.0	235.0	0.05106382978723404	0.01276595744680851	15.0	5.0	325.0	0.04615384615384616	0.015384615384615384											CTCTT	G	A	UTR3	HINT1	NM_005340:c.*24C>T	.	.	1.0
190	chr5	133971962	-	8.0	2.0	82.0	0.0975609756097561	0.024390243902439025											4.0	2.0	56.0	0.07142857142857142	0.03571428571428571	TGCTG	G	A	UTR3	VDAC1	NM_003374:c.*809C>T	.	.	0.01751412300265583
191	chr5	139626794	+	21.0	4.0	59.0	0.3559322033898305	0.06779661016949153	22.0	9.0	97.0	0.2268041237113402	0.09278350515463918											TGCGA	C	T	exonic	UBE2D2	.	nonsynonymous SNV	UBE2D2:NM_003339:exon7:c.C437T:p.A146V,UBE2D2:NM_181838:exon8:c.C350T:p.A117V	0.05377344549781716
192	chr5	171400902	+	13.0	4.0	262.0	0.049618320610687015	0.015267175572519085	8.0	2.0	116.0	0.06896551724137931	0.017241379310344827	5.0	2.0	155.0	0.03225806451612903	0.012903225806451613						AACCA	C	T	exonic	NPM1	.	nonsynonymous SNV	NPM1:NM_001355007:exon7:c.C454T:p.P152S,NPM1:NM_001037738:exon8:c.C646T:p.P216S,NPM1:NM_002520:exon8:c.C646T:p.P216S,NPM1:NM_001355006:exon9:c.C646T:p.P216S	0.0182368402997049
193	chr5	171405333	+	38.0	15.0	354.0	0.10734463276836158	0.0423728813559322	6.0	4.0	161.0	0.037267080745341616	0.024844720496894408	5.0	5.0	165.0	0.030303030303030307	0.030303030303030307						AACTC	C	T	exonic	NPM1	.	nonsynonymous SNV	NPM1:NM_001355010:exon5:c.C320T:p.T107I,NPM1:NM_001355007:exon8:c.C509T:p.T170I,NPM1:NM_001355009:exon8:c.C614T:p.T205I,NPM1:NM_199185:exon8:c.C614T:p.T205I,NPM1:NM_001037738:exon9:c.C701T:p.T234I,NPM1:NM_002520:exon9:c.C701T:p.T234I,NPM1:NM_001355006:exon10:c.C701T:p.T234I	0.006962658265825475
194	chr5	171405386	+	46.0	9.0	353.0	0.13031161473087818	0.025495750708215296	6.0	2.0	177.0	0.03389830508474576	0.011299435028248588											TGCAA	C	T	exonic	NPM1	.	stopgain	NPM1:NM_001355010:exon5:c.C373T:p.Q125X,NPM1:NM_001355007:exon8:c.C562T:p.Q188X,NPM1:NM_001355009:exon8:c.C667T:p.Q223X,NPM1:NM_199185:exon8:c.C667T:p.Q223X,NPM1:NM_001037738:exon9:c.C754T:p.Q252X,NPM1:NM_002520:exon9:c.C754T:p.Q252X,NPM1:NM_001355006:exon10:c.C754T:p.Q252X	0.0020547098038462322
195	chr6	31268962	-	30.0	4.0	163.0	0.1840490797546012	0.024539877300613498	28.0	4.0	243.0	0.11522633744855967	0.01646090534979424											ATCTT	G	A	UTR3	HLA-C	NM_002117:c.*207C>T;NM_001243042:c.*207C>T	.	.	1.0
196	chr6	31777599	-	20.0	2.0	66.0	0.30303030303030304	0.030303030303030307	14.0	2.0	118.0	0.11864406779661014	0.01694915254237288											TGCTG	G	A	exonic	VARS1	.	synonymous SNV	VARS1:NM_006295:exon30:c.C3790T:p.L1264L	1.0
197	chr6	31829048	+	22.0	2.0	164.0	0.13414634146341464	0.012195121951219513	38.0	10.0	337.0	0.11275964391691395	0.029673590504451036											GACGA	C	T	exonic	HSPA1B	.	synonymous SNV	HSPA1B:NM_005346:exon1:c.C1098T:p.D366D	1.0
198	chr6	38675970	-	39.0	10.0	209.0	0.18660287081339716	0.04784688995215311											8.0	3.0	53.0	0.1509433962264151	0.05660377358490566	GACTG	G	A	UTR3	GLO1	NM_006708:c.*1325C>T	.	.	5.0129606996185724e-05
199	chr6	73517566	-	247.0	50.0	3174.0	0.07781978575929427	0.01575299306868305	90.0	35.0	2717.0	0.03312476996687523	0.012881854987118146	17.0	6.0	528.0	0.032196969696969696	0.011363636363636364	40.0	10.0	768.0	0.052083333333333336	0.013020833333333334	GACCA	G	A	UTR3	EEF1A1	NM_001402:c.*244C>T	.	.	0.018051351574657735
200	chr6	73518741	-	482.0	31.0	2155.0	0.22366589327146166	0.014385150812064963	187.0	20.0	1928.0	0.09699170124481328	0.010373443983402491											GACAA	G	A	exonic	EEF1A1	.	synonymous SNV	EEF1A1:NM_001402:exon5:c.C729T:p.D243D	1.0
201	chr6	85678140	-	20.0	6.0	304.0	0.06578947368421052	0.01973684210526316	18.0	10.0	541.0	0.033271719038817	0.018484288354898338						4.0	3.0	84.0	0.047619047619047616	0.03571428571428571	TGCAA	G	A	ncRNA_exonic	SNHG5	.	.	.	0.26178165968698497
202	chr7	22813017	-	12.0	4.0	322.0	0.037267080745341616	0.012422360248447204						2.0	2.0	60.0	0.03333333333333333	0.03333333333333333						TACTA	G	A	UTR3	TOMM7	NM_019059:c.*153C>T	.	.	0.023180098993270767
203	chr7	25122968	-	13.0	2.0	71.0	0.18309859154929575	0.028169014084507043	10.0	2.0	54.0	0.1851851851851852	0.037037037037037035											AACAA	G	A	UTR3	CYCS	NM_018947:c.*733C>T	.	.	0.00022030785859428176
204	chr7	25123011	-	14.0	5.0	65.0	0.2153846153846154	0.07692307692307693	5.0	2.0	52.0	0.09615384615384616	0.038461538461538464											AACTA	G	A	UTR3	CYCS	NM_018947:c.*690C>T	.	.	1.743965785616114e-05
205	chr7	26191965	-	13.0	4.0	265.0	0.049056603773584916	0.01509433962264151	6.0	2.0	145.0	0.04137931034482759	0.013793103448275862											AGCTA	G	A	UTR3	HNRNPA2B1	NM_031243:c.*395C>T;NM_002137:c.*395C>T	.	.	0.0028021144252996536
206	chr7	26191999	-	10.0	8.0	266.0	0.03759398496240601	0.030075187969924814	6.0	4.0	142.0	0.04225352112676056	0.028169014084507043	7.0	5.0	79.0	0.08860759493670886	0.06329113924050632	7.0	6.0	134.0	0.05223880597014925	0.04477611940298507	AACCT	G	A	UTR3	HNRNPA2B1	NM_031243:c.*361C>T;NM_002137:c.*361C>T	.	.	0.00029512065645383997
207	chr7	42917441	-	14.0	2.0	97.0	0.14432989690721648	0.020618556701030927	15.0	3.0	102.0	0.14705882352941174	0.029411764705882356											CACTT	G	A	UTR3	PSMA2	NM_002787:c.*133C>T	.	.	1.7086715775836536e-05
208	chr7	44799746	+	128.0	7.0	596.0	0.21476510067114093	0.01174496644295302											59.0	4.0	339.0	0.17404129793510326	0.011799410029498523	ATCTA	C	T	exonic	PPIA	.	synonymous SNV	PPIA:NM_021130:exon4:c.C234T:p.I78I,PPIA:NM_001300981:exon5:c.C54T:p.I18I	1.0
209	chr7	56063338	+	22.0	2.0	91.0	0.24175824175824176	0.02197802197802198											12.0	3.0	55.0	0.21818181818181814	0.054545454545454536	GACAT	C	T	UTR3	CCT6A	NM_001762:c.*253C>T;NM_001009186:c.*253C>T	.	.	0.009335498384824097
210	chr7	56101635	-	41.0	12.0	399.0	0.10275689223057644	0.030075187969924814	35.0	15.0	632.0	0.055379746835443035	0.023734177215189875											AACTA	G	A	UTR3	CHCHD2	NM_001320327:c.*169C>T;NM_016139:c.*216C>T	.	.	0.0003369661950710576
211	chr7	56101807	-	59.0	8.0	317.0	0.1861198738170347	0.025236593059936908						4.0	2.0	84.0	0.047619047619047616	0.023809523809523808						AACTA	G	A	exonic	CHCHD2	.	synonymous SNV	CHCHD2:NM_001320327:exon4:c.C504T:p.N168N	0.00021223056305845028
212	chr7	100093331	-	36.0	3.0	143.0	0.2517482517482518	0.02097902097902098	47.0	7.0	430.0	0.10930232558139537	0.01627906976744186											GTCAA	G	A	exonic	MCM7	.	nonsynonymous SNV	MCM7:NM_001278595:exon13:c.C1391T:p.S464L,MCM7:NM_182776:exon13:c.C1391T:p.S464L,MCM7:NM_005916:exon14:c.C1919T:p.S640L	1.0
213	chr7	100678432	+	23.0	2.0	132.0	0.17424242424242425	0.015151515151515154	58.0	3.0	216.0	0.2685185185185185	0.013888888888888888											CTCTG	C	T	exonic	GNB2	.	nonsynonymous SNV	GNB2:NM_005273:exon9:c.C734T:p.S245F	1.0
214	chr7	127591252	+	17.0	3.0	90.0	0.18888888888888888	0.03333333333333333	27.0	4.0	201.0	0.13432835820895522	0.01990049751243781											GTCTG	C	T	exonic	ARF5	.	synonymous SNV	ARF5:NM_001662:exon6:c.C496T:p.L166L	1.0
215	chr7	140704894	+	6.0	2.0	116.0	0.05172413793103448	0.017241379310344827	17.0	4.0	346.0	0.049132947976878616	0.011560693641618495											GACAG	C	T	exonic	NDUFB2	.	nonsynonymous SNV	NDUFB2:NM_004546:exon3:c.C278T:p.T93I	1.0
216	chr7	141743963	+	7.0	3.0	97.0	0.07216494845360824	0.030927835051546393	5.0	2.0	158.0	0.03164556962025317	0.012658227848101266											GACGT	C	T	exonic	SSBP1	.	synonymous SNV	SSBP1:NM_001256510:exon5:c.C288T:p.D96D,SSBP1:NM_001256511:exon5:c.C288T:p.D96D,SSBP1:NM_001256512:exon5:c.C288T:p.D96D,SSBP1:NM_001256513:exon5:c.C288T:p.D96D,SSBP1:NM_003143:exon5:c.C288T:p.D96D	1.0
217	chr8	56073223	-	123.0	25.0	1278.0	0.09624413145539906	0.019561815336463225						7.0	3.0	235.0	0.029787234042553193	0.01276595744680851						GACGT	G	A	exonic	RPS20	.	nonsynonymous SNV	RPS20:NM_001023:exon4:c.C227T:p.T76M,RPS20:NM_001146227:exon4:c.C227T:p.T76M	0.8404645808238014
218	chr8	66922641	-	15.0	2.0	63.0	0.2380952380952381	0.031746031746031744	21.0	5.0	131.0	0.16030534351145034	0.03816793893129771											AACTA	G	A	ncRNA_exonic	SNHG6	.	.	.	0.002617809132700882
219	chr8	66922663	-	23.0	8.0	99.0	0.2323232323232323	0.08080808080808081	16.0	8.0	171.0	0.0935672514619883	0.04678362573099415											AACTT	G	A	ncRNA_exonic	SNHG6	.	.	.	0.00033393729818255327
220	chr8	73290701	-	124.0	35.0	609.0	0.20361247947454844	0.057471264367816084	60.0	20.0	457.0	0.13129102844638948	0.0437636761487965	19.0	10.0	185.0	0.10270270270270272	0.054054054054054064	33.0	12.0	246.0	0.13414634146341464	0.04878048780487805	GTCTA	G	A	UTR3	RPL7	NM_000971:c.*6C>T;NM_001363737:c.*6C>T	.	.	1.0
221	chr8	73291574	-	79.0	20.0	666.0	0.11861861861861862	0.03003003003003003	21.0	10.0	427.0	0.049180327868852465	0.0234192037470726	11.0	2.0	194.0	0.05670103092783505	0.010309278350515464	17.0	9.0	259.0	0.06563706563706563	0.03474903474903475	AACGC	G	A	exonic	RPL7	.	synonymous SNV	RPL7:NM_000971:exon5:c.C516T:p.N172N,RPL7:NM_001363737:exon5:c.C396T:p.N132N	0.3258238791928358
222	chr8	73291808	-	22.0	7.0	654.0	0.03363914373088685	0.010703363914373088											8.0	3.0	256.0	0.03125	0.01171875	AACAT	G	A	exonic	RPL7	.	synonymous SNV	RPL7:NM_000971:exon4:c.C393T:p.N131N,RPL7:NM_001363737:exon4:c.C273T:p.N91N	0.5730265628847395
223	chr8	73292329	-	33.0	17.0	662.0	0.04984894259818731	0.0256797583081571	7.0	5.0	357.0	0.0196078431372549	0.014005602240896359	3.0	2.0	199.0	0.01507537688442211	0.010050251256281407						AACTG	G	A	exonic	RPL7	.	nonsynonymous SNV	RPL7:NM_000971:exon3:c.C200T:p.T67I,RPL7:NM_001363737:exon3:c.C80T:p.T27I	1.0
224	chr8	73292402	-	239.0	8.0	560.0	0.4267857142857143	0.014285714285714284	95.0	5.0	304.0	0.3125	0.01644736842105263	68.0	2.0	179.0	0.37988826815642457	0.0111731843575419	83.0	3.0	240.0	0.3458333333333333	0.0125	TTCGA	G	A	exonic	RPL7	.	stopgain	RPL7:NM_000971:exon3:c.C127T:p.R43X,RPL7:NM_001363737:exon3:c.C7T:p.R3X	1.0
225	chr8	85481276	+	31.0	10.0	53.0	0.5849056603773585	0.18867924528301888	153.0	90.0	197.0	0.7766497461928934	0.4568527918781726											AACTT	C	T	UTR3	CA2	NM_001293675:c.*487C>T;NM_000067:c.*487C>T	.	.	9.267773594877018e-08
226	chr8	85481429	+	11.0	3.0	74.0	0.14864864864864866	0.040540540540540536	16.0	5.0	246.0	0.06504065040650407	0.02032520325203252						6.0	2.0	54.0	0.1111111111111111	0.037037037037037035	GACAA	C	T	UTR3	CA2	NM_001293675:c.*640C>T;NM_000067:c.*640C>T	.	.	8.788467878686552e-05
227	chr8	96231000	-	32.0	5.0	233.0	0.13733905579399142	0.02145922746781116	14.0	8.0	279.0	0.05017921146953405	0.028673835125448032	8.0	2.0	83.0	0.0963855421686747	0.024096385542168683	16.0	5.0	121.0	0.1322314049586777	0.04132231404958678	AACAA	G	A	UTR3	UQCRB	NM_001199975:c.*55C>T;NM_001254752:c.*105C>T;NM_006294:c.*55C>T	.	.	1.3140993197324605e-05
228	chr8	96231815	-	13.0	3.0	230.0	0.056521739130434775	0.013043478260869565	10.0	6.0	272.0	0.036764705882352935	0.02205882352941177	5.0	3.0	84.0	0.05952380952380953	0.03571428571428571	8.0	4.0	127.0	0.06299212598425198	0.031496062992125984	AGCAT	G	A	exonic	UQCRB	.	nonsynonymous SNV	UQCRB:NM_001254752:exon3:c.C217T:p.H73Y,UQCRB:NM_006294:exon3:c.C217T:p.H73Y,UQCRB:NM_001199975:exon4:c.C121T:p.H41Y	1.0
229	chr8	96231915	-	22.0	4.0	217.0	0.10138248847926268	0.018433179723502304						11.0	2.0	77.0	0.14285714285714285	0.025974025974025976	13.0	3.0	123.0	0.10569105691056913	0.024390243902439025	TACGA	G	A	exonic	UQCRB	.	synonymous SNV	UQCRB:NM_001254752:exon3:c.C117T:p.Y39Y,UQCRB:NM_006294:exon3:c.C117T:p.Y39Y,UQCRB:NM_001199975:exon4:c.C21T:p.Y7Y	0.01026907301220632
230	chr8	96231932	-	46.0	7.0	199.0	0.2311557788944724	0.035175879396984924	44.0	15.0	225.0	0.1955555555555556	0.06666666666666668	17.0	3.0	75.0	0.22666666666666666	0.04	28.0	8.0	115.0	0.24347826086956526	0.06956521739130435	TGCGA	G	A	exonic	UQCRB	.	stopgain	UQCRB:NM_001254752:exon3:c.C100T:p.R34X,UQCRB:NM_006294:exon3:c.C100T:p.R34X,UQCRB:NM_001199975:exon4:c.C4T:p.R2X	0.011805805074410855
231	chr8	100703294	-	30.0	9.0	231.0	0.12987012987012986	0.03896103896103896	8.0	2.0	63.0	0.12698412698412698	0.031746031746031744											AACTT	G	A	UTR3	PABPC1	NM_002568:c.*67C>T	.	.	3.712258142828123e-06
232	chr8	108201809	-	45.0	10.0	152.0	0.2960526315789473	0.06578947368421052	10.0	3.0	81.0	0.12345679012345677	0.037037037037037035											GACTT	G	A	UTR3	EIF3E	NM_001568:c.*76C>T	.	.	0.0018340980675674876
233	chr9	19376324	-	503.0	20.0	1946.0	0.2584789311408017	0.01027749229188078	283.0	14.0	1380.0	0.20507246376811594	0.010144927536231885	100.0	4.0	395.0	0.2531645569620253	0.010126582278481013						TTCTA	G	A	exonic	RPS6	.	nonsynonymous SNV	RPS6:NM_001010:exon6:c.C719T:p.S240F	1.0
234	chr9	19379508	-	924.0	43.0	2616.0	0.3532110091743119	0.016437308868501532	276.0	15.0	1288.0	0.21428571428571427	0.011645962732919254											GACGC	G	A	exonic	RPS6	.	synonymous SNV	RPS6:NM_001010:exon2:c.C117T:p.D39D	1.0
235	chr9	70217357	+	40.0	2.0	82.0	0.4878048780487805	0.024390243902439025	49.0	3.0	128.0	0.3828125	0.0234375											TCCAC	C	T	ncRNA_intronic	SMC5-AS1	.	.	.	1.0
236	chr9	83968944	-	35.0	7.0	189.0	0.1851851851851852	0.037037037037037035						10.0	2.0	58.0	0.1724137931034483	0.03448275862068965	12.0	3.0	87.0	0.13793103448275862	0.03448275862068965	AACGT	G	A	UTR3	HNRNPK	NM_001318188:c.*406C>T;NM_031262:c.*406C>T;NM_002140:c.*463C>T;NM_001318187:c.*463C>T;NM_001318186:c.*406C>T;NM_031263:c.*463C>T	.	.	4.967919020204599e-06
237	chr9	83969165	-	12.0	2.0	130.0	0.09230769230769233	0.015384615384615384											15.0	5.0	65.0	0.2307692307692308	0.07692307692307693	AACTA	G	A	UTR3	HNRNPK	NM_001318188:c.*185C>T;NM_031262:c.*185C>T;NM_002140:c.*242C>T;NM_001318187:c.*242C>T;NM_001318186:c.*185C>T;NM_031263:c.*242C>T	.	.	0.009637325959756592
238	chr9	87525523	+	21.0	4.0	126.0	0.16666666666666666	0.031746031746031744	13.0	2.0	195.0	0.06666666666666668	0.010256410256410256											AACCA	C	T	intronic	DAPK1	.	.	.	8.819499322479679e-05
239	chr9	110244114	-	10.0	4.0	286.0	0.03496503496503497	0.013986013986013986	29.0	15.0	829.0	0.034981905910735835	0.018094089264173704											AACTT	G	A	UTR3	TXN	NM_001244938:c.*43C>T;NM_003329:c.*43C>T	.	.	7.915234095842088e-06
240	chr9	114598245	+	40.0	30.0	59.0	0.6779661016949152	0.5084745762711864	76.0	44.0	152.0	0.5	0.2894736842105263											TACTA	C	T	UTR3	ATP6V1G1	NM_004888:c.*502C>T	.	.	0.0006759991376069919
241	chr9	114598313	+	5.0	2.0	69.0	0.07246376811594203	0.028985507246376805	6.0	2.0	158.0	0.0379746835443038	0.012658227848101266											AACTT	C	T	UTR3	ATP6V1G1	NM_004888:c.*570C>T	.	.	0.0004888781257486918
242	chr9	128695236	+	13.0	2.0	120.0	0.10833333333333334	0.016666666666666666											5.0	5.0	58.0	0.08620689655172414	0.08620689655172414	GACAA	C	T	UTR3	SET	NM_001374326:c.*572C>T;NM_001122821:c.*572C>T;NM_001248000:c.*572C>T;NM_003011:c.*572C>T;NM_001248001:c.*572C>T	.	.	1.0
243	chr9	133021118	+	53.0	8.0	601.0	0.08818635607321132	0.013311148086522465											6.0	2.0	88.0	0.06818181818181818	0.022727272727272728	GACCA	C	T	downstream	SNORD141A;SNORD141B	dist=584	.	.	0.0395565122197221
244	chr9	133351065	+	465.0	39.0	1778.0	0.26152980877390325	0.0219347581552306	679.0	105.0	4512.0	0.15048758865248227	0.02327127659574468	57.0	6.0	367.0	0.1553133514986376	0.01634877384196185	95.0	10.0	527.0	0.1802656546489564	0.018975332068311198	TACGA	C	T	exonic	RPL7A	.	synonymous SNV	RPL7A:NM_000972:exon7:c.C690T:p.Y230Y	0.05769755713119265
245	chrM	6907	+	229.0	12.0	774.0	0.2958656330749354	0.015503875968992246	114.0	7.0	673.0	0.16939078751857356	0.010401188707280832											ATCTG	C	T	downstream	MIR12136	dist=537	.	.	1.0
246	chrM	9485	+	23.0	8.0	622.0	0.03697749196141479	0.012861736334405145	98.0	23.0	1929.0	0.05080352514256091	0.011923276308968377	44.0	11.0	626.0	0.07028753993610222	0.01757188498402556						TTCTT	C	T	intergenic	MIR12136;NONE	dist=1971;dist=NONE	.	.	1.0
247	chrX	23836666	-	20.0	6.0	105.0	0.19047619047619047	0.057142857142857134	20.0	2.0	153.0	0.13071895424836602	0.013071895424836602											TGCAA	G	A	intronic	APOO	.	.	.	0.0013791897837348028
248	chrX	23836814	-	16.0	2.0	97.0	0.16494845360824742	0.020618556701030927	21.0	8.0	150.0	0.14	0.05333333333333334											AACAA	G	A	intronic	APOO	.	.	.	0.0008602479281741304
249	chrX	48831272	-	29.0	4.0	62.0	0.4677419354838709	0.06451612903225806	28.0	2.0	52.0	0.5384615384615384	0.038461538461538464											CTCTT	G	A	exonic	PCSK1N	.	synonymous SNV	PCSK1N:NM_013271:exon3:c.C771T:p.L257L	1.0
250	chrX	72273857	-	254.0	45.0	3286.0	0.0772976262933658	0.013694461351186855	95.0	35.0	3005.0	0.03161397670549085	0.011647254575707157	19.0	9.0	611.0	0.031096563011456625	0.014729950900163666	34.0	11.0	902.0	0.037694013303769404	0.012195121951219513	TACCA	G	A	exonic	RPS4X	.	nonsynonymous SNV	RPS4X:NM_001007:exon5:c.C476T:p.T159I	0.10212665714095417
251	chrX	101395342	+	11.0	6.0	82.0	0.13414634146341464	0.07317073170731707	13.0	4.0	260.0	0.05	0.015384615384615384											AACTA	C	T	exonic	RPL36A;RPL36A-HNRNPH2	.	nonsynonymous SNV	RPL36A-HNRNPH2:NM_001199973:exon4:c.C185T:p.T62I,RPL36A:NM_021029:exon4:c.C185T:p.T62I	1.0108354795945438e-05
252	chrX	103377842	+	16.0	2.0	196.0	0.08163265306122447	0.010204081632653059	18.0	5.0	428.0	0.04205607476635514	0.011682242990654205											ATCAT	C	T	UTR3	BEX3	NM_001282674:c.*15C>T;NM_206915:c.*15C>T;NM_206917:c.*15C>T;NM_014380:c.*15C>T	.	.	1.0
253	chrX	115650438	+	12.0	2.0	89.0	0.1348314606741573	0.02247191011235955	7.0	2.0	85.0	0.08235294117647059	0.023529411764705882											AACTT	C	T	UTR3	PLS3	NM_005032:c.*877C>T;NM_001282337:c.*877C>T;NM_001282338:c.*877C>T;NM_001172335:c.*877C>T;NM_001136025:c.*877C>T	.	.	1.0
254	chrX	115650505	+	24.0	2.0	98.0	0.24489795918367346	0.020408163265306117	15.0	3.0	92.0	0.16304347826086954	0.03260869565217391						19.0	2.0	52.0	0.36538461538461536	0.038461538461538464	AACAA	C	T	UTR3	PLS3	NM_005032:c.*944C>T;NM_001282337:c.*944C>T;NM_001282338:c.*944C>T;NM_001172335:c.*944C>T;NM_001136025:c.*944C>T	.	.	9.093440372210876e-06
255	chrX	119471247	+	36.0	7.0	331.0	0.10876132930513596	0.02114803625377644	75.0	11.0	1028.0	0.07295719844357977	0.010700389105058366	14.0	4.0	107.0	0.1308411214953271	0.037383177570093455						GACTC	C	T	UTR3	SLC25A5	NM_001152:c.*189C>T	.	.	0.0016068836189101988
256	chr1	45511237	-						26.0	8.0	461.0	0.05639913232104121	0.01735357917570499	6.0	3.0	119.0	0.050420168067226885	0.025210084033613446	8.0	2.0	174.0	0.045977011494252866	0.011494252873563218	GACTT	G	A	UTR3	MMACHC;PRDX1	NM_001330540:c.*2022G>A;NM_015506:c.*2022G>A;NM_181696:c.*92C>T;NM_001202431:c.*92C>T;NM_002574:c.*92C>T;NM_181697:c.*92C>T	.	.	0.021811812020135404
257	chr1	111461256	+						8.0	2.0	102.0	0.0784313725490196	0.0196078431372549						9.0	2.0	55.0	0.16363636363636366	0.03636363636363636	GACTA	C	T	UTR3	ATP5PB	NM_001688:c.*262C>T	.	.	0.010959035612477191
258	chr1	116404716	+						5.0	2.0	113.0	0.04424778761061947	0.017699115044247787						4.0	2.0	53.0	0.07547169811320754	0.03773584905660377	GACTG	C	T	ncRNA_exonic	ATP1A1-AS1	.	.	.	0.000331691218793035
259	chr1	226071713	+						53.0	22.0	273.0	0.19413919413919412	0.08058608058608059						14.0	5.0	63.0	0.2222222222222222	0.07936507936507936	TGCAA	C	T	ncRNA_exonic	H3P6	.	.	.	0.011227278879813523
260	chr11	18407409	+						5.0	2.0	61.0	0.08196721311475409	0.032786885245901634						4.0	3.0	74.0	0.054054054054054064	0.040540540540540536	AACAT	C	T	UTR3	LDHA	NM_001135239:c.*128C>T;NM_001165416:c.*277C>T;NM_001165415:c.*33C>T;NM_005566:c.*128C>T;NM_001165414:c.*128C>T	.	.	0.0006742070410152858
261	chr11	18407735	+						7.0	2.0	86.0	0.08139534883720931	0.02325581395348837	7.0	3.0	61.0	0.11475409836065575	0.049180327868852465						AACTA	C	T	UTR3	LDHA	NM_001135239:c.*454C>T;NM_001165416:c.*603C>T;NM_001165415:c.*359C>T;NM_005566:c.*454C>T;NM_001165414:c.*454C>T	.	.	0.004588307816344809
262	chr12	21635367	-						71.0	9.0	273.0	0.2600732600732601	0.03296703296703297	58.0	13.0	150.0	0.38666666666666666	0.08666666666666667	75.0	13.0	217.0	0.3456221198156682	0.059907834101382486	AACAA	G	A	UTR3	LDHB	NM_002300:c.*175C>T;NM_001315537:c.*154C>T;NM_001174097:c.*175C>T	.	.	0.001294658358375181
263	chr12	21635506	-						92.0	3.0	259.0	0.3552123552123552	0.01158301158301158	68.0	4.0	139.0	0.4892086330935252	0.02877697841726619	88.0	4.0	206.0	0.4271844660194175	0.019417475728155338	TACAA	G	A	UTR3	LDHB	NM_002300:c.*36C>T;NM_001315537:c.*15C>T;NM_001174097:c.*36C>T	.	.	0.010066757640623225
264	chr12	21635509	-						72.0	4.0	246.0	0.2926829268292683	0.016260162601626018						74.0	4.0	196.0	0.3775510204081632	0.020408163265306117	AACTA	G	A	UTR3	LDHB	NM_002300:c.*33C>T;NM_001315537:c.*12C>T;NM_001174097:c.*33C>T	.	.	0.0005502964238674758
265	chr12	53479566	+						63.0	5.0	353.0	0.17847025495750707	0.0141643059490085						10.0	2.0	66.0	0.15151515151515152	0.030303030303030307	CACAC	C	T	UTR3	PCBP2	NM_001128912:c.*124C>T;NM_001098620:c.*124C>T;NM_001128911:c.*124C>T;NM_001128913:c.*124C>T;NM_005016:c.*124C>T;NM_001128914:c.*124C>T;NM_031989:c.*124C>T	.	.	0.0006853438407702864
266	chr12	130876144	+						20.0	5.0	456.0	0.04385964912280702	0.010964912280701756	9.0	4.0	181.0	0.04972375690607735	0.022099447513812157	13.0	5.0	221.0	0.05882352941176471	0.022624434389140267	AACGC	C	T	UTR3	RAN	NM_001300797:c.*218C>T;NM_001300796:c.*218C>T;NM_006325:c.*218C>T	.	.	0.026386054274115382
267	chr14	102081307	-						7.0	2.0	134.0	0.05223880597014925	0.01492537313432836						10.0	3.0	133.0	0.07518796992481203	0.022556390977443608	AACTT	G	A	UTR3	HSP90AA1	NM_005348:c.*405C>T;NM_001017963:c.*405C>T	.	.	0.011522826285594328
268	chr15	66503480	-						11.0	2.0	73.0	0.1506849315068493	0.0273972602739726						16.0	3.0	224.0	0.07142857142857142	0.013392857142857142	ATCTG	G	A	exonic	RPL4	.	nonsynonymous SNV	RPL4:NM_000968:exon2:c.C53T:p.S18F	1.0
269	chr17	1344562	-						7.0	2.0	102.0	0.06862745098039216	0.0196078431372549	18.0	3.0	91.0	0.1978021978021978	0.03296703296703297						AACAA	G	A	UTR3	YWHAE	NM_006761:c.*885C>T	.	.	7.676030733458614e-06
270	chr17	5432893	-						61.0	6.0	365.0	0.16712328767123288	0.01643835616438356	19.0	5.0	73.0	0.2602739726027397	0.0684931506849315	30.0	3.0	114.0	0.2631578947368421	0.02631578947368421	TACCA	G	A	UTR3	C1QBP;RPAIN	NM_001212:c.*122C>T;NM_001160266:c.*330G>A;NM_001160246:c.*344G>A;NM_001160244:c.*322G>A;NM_001033002:c.*322G>A	.	.	4.134532379898298e-05
271	chr17	81510091	-						18.0	8.0	771.0	0.02334630350194553	0.010376134889753566	15.0	6.0	341.0	0.04398826979472141	0.01759530791788856						TACGC	G	A	UTR3	ACTG1	NM_001614:c.*599C>T;NM_001199954:c.*599C>T	.	.	0.0019187752833615688
272	chr19	41869733	+						952.0	72.0	5911.0	0.16105565894095752	0.012180680087971579	69.0	8.0	574.0	0.12020905923344948	0.013937282229965157	101.0	10.0	808.0	0.125	0.012376237623762377	ATCTG	C	T	exonic	RPS19	.	nonsynonymous SNV	RPS19:NM_001321485:exon5:c.C404T:p.S135F	1.0
273	chr19	49491434	+						455.0	32.0	3055.0	0.14893617021276595	0.010474631751227495	47.0	3.0	279.0	0.16845878136200718	0.010752688172043013						ATCTG	C	T	exonic	RPL13A	.	synonymous SNV	RPL13A:NM_001270491:exon6:c.C229T:p.L77L,RPL13A:NM_012423:exon7:c.C412T:p.L138L	1.0
274	chr2	73249013	+						10.0	2.0	121.0	0.08264462809917356	0.016528925619834708						10.0	2.0	107.0	0.09345794392523364	0.018691588785046728	TGCTG	C	T	exonic	CCT7	.	nonsynonymous SNV	CCT7:NM_001009570:exon3:c.C194T:p.A65V,CCT7:NM_001166284:exon6:c.C545T:p.A182V,CCT7:NM_006429:exon8:c.C806T:p.A269V,CCT7:NM_001166285:exon9:c.C674T:p.A225V	0.1668042865981603
275	chr2	174720591	+						93.0	11.0	544.0	0.17095588235294118	0.02022058823529412						17.0	4.0	74.0	0.2297297297297297	0.054054054054054064	AACTT	C	T	ncRNA_exonic	H3P6	.	.	.	0.0020255524752051737
276	chr2	174720660	+						182.0	16.0	489.0	0.3721881390593047	0.032719836400818	30.0	3.0	69.0	0.43478260869565216	0.043478260869565216	44.0	2.0	81.0	0.5432098765432098	0.02469135802469136	AACAA	C	T	ncRNA_exonic	H3P6	.	.	.	1.9482834346025463e-05
277	chr2	174720766	+						65.0	4.0	399.0	0.16290726817042606	0.010025062656641605						13.0	2.0	65.0	0.2	0.030769230769230767	TGCAA	C	T	ncRNA_exonic	H3P6	.	.	.	0.00469870054920203
278	chr20	58910885	+						45.0	8.0	751.0	0.05992010652463382	0.010652463382157123	5.0	2.0	76.0	0.06578947368421052	0.02631578947368421	11.0	2.0	144.0	0.0763888888888889	0.013888888888888888	AACGT	C	T	UTR3	GNAS	NM_016592:c.*1147C>T;NM_001309861:c.*56C>T;NM_001077490:c.*1102C>T;NM_080425:c.*56C>T;NM_001309840:c.*56C>T;NM_001077489:c.*56C>T;NM_080426:c.*56C>T;NM_000516:c.*56C>T;NM_001077488:c.*56C>T	.	.	0.0018300984728591987
279	chr20	58911123	+						71.0	12.0	766.0	0.0926892950391645	0.015665796344647518						25.0	5.0	149.0	0.16778523489932887	0.03355704697986577	AACAA	C	T	UTR3	GNAS	NM_016592:c.*1385C>T;NM_001309861:c.*294C>T;NM_001077490:c.*1340C>T;NM_080425:c.*294C>T;NM_001309840:c.*294C>T;NM_001077489:c.*294C>T;NM_080426:c.*294C>T;NM_000516:c.*294C>T;NM_001077488:c.*294C>T	.	.	2.3445535680719873e-06
280	chr21	18858012	+						103.0	7.0	482.0	0.21369294605809128	0.014522821576763488						29.0	2.0	127.0	0.2283464566929134	0.015748031496062992	ATCTA	C	T	intergenic	MIR548XHG;LINC01683	dist=98200;dist=1035267	.	.	1.0
281	chr4	39454180	-						49.0	9.0	788.0	0.062182741116751275	0.011421319796954314	6.0	5.0	84.0	0.07142857142857142	0.05952380952380953						TACTT	G	A	UTR3	RPL9	NM_001024921:c.*56C>T;NM_000661:c.*56C>T	.	.	0.05007725606590642
282	chr4	151102952	+						35.0	6.0	447.0	0.07829977628635347	0.013422818791946308	23.0	5.0	350.0	0.06571428571428571	0.014285714285714284	36.0	6.0	525.0	0.06857142857142857	0.011428571428571429	AACGC	C	T	exonic	RPS3A	.	nonsynonymous SNV	RPS3A:NM_001006:exon4:c.C436T:p.R146C	0.009910462563708516
283	chr7	5528649	-						10.0	2.0	52.0	0.19230769230769232	0.038461538461538464						41.0	3.0	234.0	0.1752136752136752	0.01282051282051282	CTCTG	G	A	exonic	ACTB	.	nonsynonymous SNV	ACTB:NM_001101:exon4:c.C434T:p.S145F	1.0
284	chr8	96231922	-						25.0	10.0	235.0	0.10638297872340426	0.0425531914893617	8.0	2.0	80.0	0.1	0.025	15.0	5.0	119.0	0.12605042016806722	0.04201680672268908	TACAA	G	A	exonic	UQCRB	.	nonsynonymous SNV	UQCRB:NM_001254752:exon3:c.C110T:p.T37I,UQCRB:NM_006294:exon3:c.C110T:p.T37I,UQCRB:NM_001199975:exon4:c.C14T:p.T5I	0.0012114599008461097
285	chrM	3066	+						420.0	16.0	1370.0	0.30656934306569344	0.01167883211678832	1954.0	105.0	6250.0	0.31264000000000003	0.0168	2971.0	110.0	9425.0	0.3152254641909814	0.011671087533156498	ATCTG	C	T	intergenic	NONE;MIR12136	dist=NONE;dist=4378	.	.	1.0
286	chrM	12426	+						32.0	2.0	127.0	0.2519685039370079	0.015748031496062992						35.0	4.0	127.0	0.2755905511811024	0.031496062992125984	AACTC	C	T	intergenic	MIR12136;NONE	dist=4912;dist=NONE	.	.	0.04270998860195475
287	chrM	14109	+						9.0	4.0	105.0	0.08571428571428573	0.0380952380952381	12.0	3.0	137.0	0.08759124087591241	0.021897810218978103						TTCTT	C	T	intergenic	MIR12136;NONE	dist=6595;dist=NONE	.	.	1.0
288	chrX	71301075	+						6.0	2.0	55.0	0.10909090909090907	0.03636363636363636	4.0	2.0	54.0	0.07407407407407407	0.037037037037037035						TACTG	C	T	UTR3	NONO	NM_001145410:c.*999C>T;NM_007363:c.*999C>T;NM_001145409:c.*999C>T;NM_001145408:c.*999C>T	.	.	0.0008195567121534383
289	chrX	115650521	+						13.0	2.0	84.0	0.15476190476190474	0.023809523809523808						10.0	2.0	54.0	0.1851851851851852	0.037037037037037035	CACTA	C	T	UTR3	PLS3	NM_005032:c.*960C>T;NM_001282337:c.*960C>T;NM_001282338:c.*960C>T;NM_001172335:c.*960C>T;NM_001136025:c.*960C>T	.	.	0.0009891303280127807
290	chr1	44778126	+											101.0	7.0	334.0	0.3023952095808383	0.020958083832335328	119.0	5.0	456.0	0.2609649122807017	0.010964912280701756	TTCTT	C	T	exonic	RPS8	.	nonsynonymous SNV	RPS8:NM_001012:exon5:c.C514T:p.L172F	1.0
291	chr12	21644102	-											10.0	2.0	83.0	0.12048192771084335	0.024096385542168683	16.0	2.0	139.0	0.11510791366906475	0.014388489208633094	TTCTG	G	A	exonic	LDHB	.	nonsynonymous SNV	LDHB:NM_001174097:exon4:c.C254T:p.S85F,LDHB:NM_002300:exon4:c.C254T:p.S85F	0.07626842599653637
292	chr12	54282272	+											7.0	2.0	114.0	0.06140350877192983	0.017543859649122806	16.0	2.0	149.0	0.10738255033557048	0.013422818791946308	GACGA	C	T	exonic	HNRNPA1	.	synonymous SNV	HNRNPA1:NM_002136:exon4:c.C462T:p.D154D,HNRNPA1:NM_031157:exon4:c.C462T:p.D154D	1.0
293	chr12	112405999	-											24.0	3.0	282.0	0.0851063829787234	0.010638297872340424	36.0	5.0	396.0	0.09090909090909093	0.012626262626262626	CACAC	G	A	exonic	RPL6	.	nonsynonymous SNV	RPL6:NM_000970:exon6:c.C568T:p.H190Y,RPL6:NM_001024662:exon6:c.C568T:p.H190Y,RPL6:NM_001320137:exon6:c.C568T:p.H190Y,RPL6:NM_001320138:exon6:c.C568T:p.H190Y,RPL6:NM_001320139:exon6:c.C568T:p.H190Y,RPL6:NM_001320140:exon6:c.C568T:p.H190Y,RPL6:NM_001320142:exon6:c.C235T:p.H79Y,RPL6:NM_001320141:exon8:c.C568T:p.H190Y	0.0471157003310926
294	chr17	8377549	-											21.0	5.0	311.0	0.06752411575562701	0.01607717041800643	24.0	5.0	433.0	0.05542725173210162	0.011547344110854505	TACAA	G	A	UTR3	RPL26	NM_000987:c.*15C>T;NM_001315530:c.*15C>T;NM_001315531:c.*15C>T	.	.	0.00012055460052950995
295	chr17	39204567	+											28.0	5.0	301.0	0.09302325581395347	0.016611295681063124	43.0	8.0	432.0	0.09953703703703703	0.018518518518518517	CGCAA	C	T	exonic	RPL19	.	synonymous SNV	RPL19:NM_000981:exon6:c.C510T:p.R170R,RPL19:NM_001330200:exon6:c.C504T:p.R168R	1.0
