region	position	strand	T_native_x	T_corrected_x	depth_stranded_x	Tfreq_native_x	Tfreq_corrected_x	5mer_x	y_hat_x	p_value_x	T_native_y	T_corrected_y	depth_stranded_y	Tfreq_native_y	Tfreq_corrected_y	5mer_y	y_hat_y	p_value_y
chr1	4915694	+	7	4	51	0.13725490196078433	0.0784313725490196	TACTA	1	0.0005212852065015325	7	2	51	0.13725490196078433	0.0392156862745098	TACTA	1	0.0005212852065015325
chr1	4916406	+	3	3	67	0.04477611940298507	0.04477611940298507	GACTT	1	9.861242153330502e-05	3	3	67	0.04477611940298507	0.04477611940298507	GACTT	1	9.861242153330502e-05
chr1	4967180	+	7	3	108	0.06481481481481481	0.027777777777777776	TACTC	1	3.561644095949058e-06	5	2	108	0.04629629629629629	0.018518518518518517	TACTC	1	3.561644095949058e-06
chr1	4967189	+	11	4	114	0.09649122807017543	0.03508771929824561	AACGG	1	2.6966647650684063e-06	9	4	114	0.07894736842105263	0.03508771929824561	AACGG	1	2.6966647650684063e-06
chr1	4967193	+	6	3	112	0.05357142857142857	0.026785714285714284	GACTT	1	1.0837833009939335e-05	5	2	112	0.04464285714285714	0.017857142857142856	GACTT	1	1.0837833009939335e-05
chr1	4967787	+	8	3	112	0.07142857142857142	0.026785714285714284	AACAT	1	0.004150382590137607	7	2	112	0.0625	0.017857142857142856	AACAT	1	0.004150382590137607
chr1	5213986	+	4	2	59	0.06779661016949153	0.03389830508474576	AACTT	1	0.003012610448526245	4	1	59	0.06779661016949153	0.01694915254237288	AACTT	1	0.003012610448526245
chr1	10105387	-	9	8	108	0.08333333333333333	0.07407407407407407	GTCAC	1	0.0041666579533707095	7	6	108	0.06481481481481481	0.05555555555555555	GTCAC	1	0.0041666579533707095
chr1	13636029	-	12	4	128	0.09375	0.03125	TACTA	1	0.0003596021548339207	11	4	128	0.0859375	0.03125	TACTA	1	0.0003596021548339207
chr1	39590688	-	6	2	94	0.06382978723404255	0.02127659574468085	GTCTT	1	0.0005585075852254541	6	2	94	0.06382978723404255	0.02127659574468085	GTCTT	1	0.0005585075852254541
chr1	42918925	+	8	3	65	0.12307692307692307	0.04615384615384616	TGCTT	1	0.008261662136248224	7	2	65	0.1076923076923077	0.030769230769230767	TGCTT	1	0.008261662136248224
chr1	44041368	+	5	2	61	0.08196721311475409	0.032786885245901634	AACTT	1	9.5002536224067e-05	5	1	61	0.08196721311475409	0.016393442622950817	AACTT	1	9.5002536224067e-05
chr1	58445268	+	18	4	161	0.11180124223602483	0.024844720496894408	TTCGT	1	0.0014232769017126742	17	6	161	0.10559006211180123	0.037267080745341616	TTCGT	1	0.0014232769017126742
chr1	60426896	+	4	2	71	0.056338028169014086	0.028169014084507043	ATCAT	1	0.0001610679045722835	3	1	71	0.04225352112676056	0.014084507042253518	ATCAT	1	0.0001610679045722835
chr1	60810896	+	6	2	70	0.08571428571428573	0.028571428571428567	ATCTA	1	0.00019421289102523269	6	4	70	0.08571428571428573	0.057142857142857134	ATCTA	1	0.00019421289102523269
chr1	63190714	-	5	2	68	0.07352941176470587	0.029411764705882363	TGCAT	1	0.003614544240468041	2	1	68	0.029411764705882363	0.014705882352941175	TGCAT	1	0.003614544240468041
chr1	88146699	+	11	9	82	0.13414634146341464	0.1097560975609756	ATCAA	1	0.008254015380141302	11	6	82	0.13414634146341464	0.07317073170731707	ATCAA	1	0.008254015380141302
chr1	91248608	+	15	4	108	0.1388888888888889	0.037037037037037035	CTCGC	1	0.004264825315411269	15	4	108	0.1388888888888889	0.037037037037037035	CTCGC	1	0.004264825315411269
chr1	93437140	+	4	2	64	0.0625	0.03125	GACAT	1	6.156891810982695e-05	4	1	64	0.0625	0.015625	GACAT	1	6.156891810982695e-05
chr1	95261832	+	14	3	123	0.11382113821138212	0.024390243902439025	AACTT	1	0.0013505135687855282	14	2	123	0.11382113821138212	0.016260162601626018	AACTT	1	0.0013505135687855282
chr1	121481629	-	11	3	67	0.16417910447761194	0.04477611940298507	GTCTT	1	1.6434728650521233e-05	8	1	67	0.11940298507462685	0.01492537313432836	GTCTT	1	1.6434728650521233e-05
chr1	128291883	-	13	6	126	0.10317460317460317	0.047619047619047616	TACTA	1	0.00014228522939309498	13	4	126	0.10317460317460317	0.031746031746031744	TACTA	1	0.00014228522939309498
chr1	153331672	-	4	2	51	0.0784313725490196	0.0392156862745098	GACTA	1	2.688793128067934e-05	3	1	51	0.05882352941176471	0.0196078431372549	GACTA	1	2.688793128067934e-05
chr1	156257378	-	14	10	69	0.2028985507246377	0.14492753623188406	GACTA	1	1.315906645967913e-05	13	2	69	0.18840579710144928	0.028985507246376805	GACTA	1	1.315906645967913e-05
chr1	156257526	-	14	9	70	0.2	0.12857142857142856	GACTT	1	0.0034439831747202602	13	2	70	0.18571428571428567	0.028571428571428567	GACTT	1	0.0034439831747202602
chr1	178150213	+	4	2	53	0.07547169811320754	0.03773584905660377	AACTT	1	0.004051336621080535	4	2	53	0.07547169811320754	0.03773584905660377	AACTT	1	0.004051336621080535
chr1	178156143	-	3	3	100	0.03	0.03	AACTT	1	0.0003588634284059083	3	2	100	0.03	0.02	AACTT	1	0.0003588634284059083
chr1	178156235	-	3	3	99	0.030303030303030307	0.030303030303030307	AACTT	1	0.0023014824896292678	3	3	99	0.030303030303030307	0.030303030303030307	AACTT	1	0.0023014824896292678
chr1	178156841	-	18	6	267	0.06741573033707865	0.02247191011235955	AACTT	1	0.008636520481722924	17	4	267	0.06367041198501873	0.0149812734082397	AACTT	1	0.008636520481722924
chr1	181643561	-	9	3	70	0.12857142857142856	0.042857142857142864	GACTT	1	1.5759936462812368e-06	9	2	70	0.12857142857142856	0.028571428571428567	GACTT	1	1.5759936462812368e-06
chr1	181643918	-	7	2	55	0.12727272727272726	0.03636363636363636	GACGA	1	0.0005426225066835757	7	3	55	0.12727272727272726	0.054545454545454536	GACGA	1	0.0005426225066835757
chr1	182103943	-	7	6	85	0.08235294117647059	0.07058823529411765	TTCAT	1	9.102750278190826e-07	7	1	85	0.08235294117647059	0.011764705882352941	TTCAT	1	9.102750278190826e-07
chr1	182106784	-	23	3	93	0.24731182795698925	0.03225806451612903	ATCAC	1	0.007391824747065162	23	4	93	0.24731182795698925	0.04301075268817205	ATCAC	1	0.007391824747065162
chr1	194793441	-	14	2	72	0.19444444444444445	0.027777777777777776	GTCTT	1	0.00016541812421253638	14	6	72	0.19444444444444445	0.08333333333333333	GTCTT	1	0.00016541812421253638
chr10	17601044	+	15	9	242	0.061983471074380174	0.0371900826446281	GACTT	1	0.0002727749362481856	15	6	242	0.061983471074380174	0.02479338842975207	GACTT	1	0.0002727749362481856
chr10	17887230	-	8	7	83	0.0963855421686747	0.08433734939759037	TACAA	1	0.000247809544145249	8	2	83	0.0963855421686747	0.024096385542168683	TACAA	1	0.000247809544145249
chr10	40163958	-	10	4	58	0.1724137931034483	0.06896551724137931	GACTG	1	0.00017345726704809822	5	2	58	0.08620689655172414	0.03448275862068965	GACTG	1	0.00017345726704809822
chr10	57392081	-	39	18	62	0.6290322580645161	0.2903225806451613	GACTA	1	0.0020715383831263925	36	8	62	0.5806451612903226	0.12903225806451613	GACTA	1	0.0020715383831263925
chr10	57392155	-	2	2	67	0.02985074626865672	0.02985074626865672	AACTT	1	0.00034289775168627035	2	1	67	0.02985074626865672	0.01492537313432836	AACTT	1	0.00034289775168627035
chr10	60934764	-	3	3	142	0.02112676056338028	0.02112676056338028	AACCT	1	0.0006925895658520737	2	2	142	0.014084507042253518	0.014084507042253518	AACCT	1	0.0006925895658520737
chr10	62291762	-	3	3	62	0.04838709677419355	0.04838709677419355	GACTT	1	3.013318335681344e-07	3	2	62	0.04838709677419355	0.03225806451612903	GACTT	1	3.013318335681344e-07
chr10	71166603	-	7	2	67	0.1044776119402985	0.02985074626865672	GTCTT	1	0.0006326610064923622	7	1	67	0.1044776119402985	0.01492537313432836	GTCTT	1	0.0006326610064923622
chr10	88579179	+	11	3	90	0.12222222222222222	0.03333333333333333	TACTC	1	3.01456465400998e-05	10	5	90	0.1111111111111111	0.05555555555555555	TACTC	1	3.01456465400998e-05
chr10	88579284	+	4	3	93	0.04301075268817205	0.03225806451612903	GACTC	1	0.004624415494257956	4	3	93	0.04301075268817205	0.03225806451612903	GACTC	1	0.004624415494257956
chr10	88579439	+	3	3	94	0.031914893617021274	0.031914893617021274	GTCAA	1	0.00011244093651210078	3	1	94	0.031914893617021274	0.010638297872340424	GTCAA	1	0.00011244093651210078
chr10	90952683	-	35	15	645	0.05426356589147287	0.02325581395348837	AACTT	1	0.0011319117402298685	35	9	645	0.05426356589147287	0.013953488372093023	AACTT	1	0.0011319117402298685
chr10	93696816	-	14	7	106	0.1320754716981132	0.0660377358490566	TTCTA	1	0.004615622241972958	14	5	106	0.1320754716981132	0.04716981132075472	TTCTA	1	0.004615622241972958
chr10	93704813	-	11	2	98	0.11224489795918367	0.020408163265306117	ATCGA	1	0.002116838896891629	11	10	98	0.11224489795918367	0.1020408163265306	ATCGA	1	0.002116838896891629
chr10	96454514	+	17	3	106	0.16037735849056606	0.02830188679245283	GTCTA	1	0.0026047539079695576	17	3	106	0.16037735849056606	0.02830188679245283	GTCTA	1	0.0026047539079695576
chr10	116898786	-	12	8	224	0.05357142857142857	0.03571428571428571	GTCGT	1	0.0017738195898371345	12	4	224	0.05357142857142857	0.017857142857142856	GTCGT	1	0.0017738195898371345
chr10	117651283	-	8	4	105	0.0761904761904762	0.0380952380952381	AACTT	1	0.0014481197036522553	8	2	105	0.0761904761904762	0.01904761904761905	AACTT	1	0.0014481197036522553
chr10	128197551	+	11	6	105	0.10476190476190476	0.057142857142857134	ATCTT	1	0.0003343489008833238	11	4	105	0.10476190476190476	0.0380952380952381	ATCTT	1	0.0003343489008833238
chr11	16921473	-	39	6	149	0.26174496644295303	0.040268456375838924	CTCTA	1	0.0008919099114998045	36	10	149	0.2416107382550336	0.06711409395973154	CTCTA	1	0.0008919099114998045
chr11	16923978	-	15	3	112	0.13392857142857142	0.026785714285714284	TTCAC	1	0.00028599746900047465	15	4	112	0.13392857142857142	0.03571428571428571	TTCAC	1	0.00028599746900047465
chr11	21507268	-	86	9	289	0.2975778546712803	0.031141868512110725	ATCTA	1	0.001599231299505122	78	24	289	0.2698961937716263	0.08304498269896192	ATCTA	1	0.001599231299505122
chr11	29692828	+	15	10	160	0.09375	0.0625	GACTT	1	0.0001910436299426833	14	12	160	0.0875	0.075	GACTT	1	0.0001910436299426833
chr11	40630550	+	7	2	93	0.07526881720430108	0.021505376344086027	AACTT	1	0.0048294363010177605	6	1	93	0.06451612903225806	0.010752688172043013	AACTT	1	0.0048294363010177605
chr11	50185437	-	15	4	80	0.1875	0.05	TTCAT	1	0.003050989038227004	15	6	80	0.1875	0.075	TTCAT	1	0.003050989038227004
chr11	50186566	-	22	6	108	0.2037037037037037	0.05555555555555555	ATCTT	1	0.0006987724921334704	21	6	108	0.19444444444444445	0.05555555555555555	ATCTT	1	0.0006987724921334704
chr11	50276961	+	4	3	54	0.07407407407407407	0.05555555555555555	TACGT	1	9.432689974386464e-05	4	1	54	0.07407407407407407	0.018518518518518517	TACGT	1	9.432689974386464e-05
chr11	51680148	+	3	2	75	0.04	0.02666666666666667	AACAG	1	0.0008274943716607982	3	1	75	0.04	0.013333333333333334	AACAG	1	0.0008274943716607982
chr11	52133479	+	18	2	62	0.2903225806451613	0.03225806451612903	TTCTA	1	0.0074863027306912655	18	9	62	0.2903225806451613	0.14516129032258066	TTCTA	1	0.0074863027306912655
chr11	69571672	-	6	2	60	0.1	0.03333333333333333	TACTG	1	0.0023163772931695595	6	3	60	0.1	0.05	TACTG	1	0.0023163772931695595
chr11	83117131	+	12	5	127	0.09448818897637797	0.03937007874015748	ATCTT	1	0.002282474048492298	12	4	127	0.09448818897637797	0.031496062992125984	ATCTT	1	0.002282474048492298
chr11	86595630	-	9	2	63	0.14285714285714285	0.031746031746031744	ATCGT	1	0.001978854390802321	8	2	63	0.12698412698412698	0.031746031746031744	ATCGT	1	0.001978854390802321
chr11	87941635	+	15	5	75	0.2	0.06666666666666668	TTCTA	1	0.003065238779386856	15	4	75	0.2	0.05333333333333334	TTCTA	1	0.003065238779386856
chr11	87941760	+	13	4	94	0.13829787234042554	0.0425531914893617	GTCTA	1	0.0012446041824126534	13	3	94	0.13829787234042554	0.031914893617021274	GTCTA	1	0.0012446041824126534
chr11	97052435	-	4	3	93	0.04301075268817205	0.03225806451612903	AACTT	1	0.00231394494449763	4	1	93	0.04301075268817205	0.010752688172043013	AACTT	1	0.00231394494449763
chr11	98886196	-	6	4	60	0.1	0.06666666666666668	ATCTT	1	0.009467040641322592	6	5	60	0.1	0.08333333333333333	ATCTT	1	0.009467040641322592
chr11	106677281	-	8	5	177	0.04519774011299435	0.02824858757062147	AACTT	1	0.0006637607184365327	8	4	177	0.04519774011299435	0.022598870056497168	AACTT	1	0.0006637607184365327
chr12	3298050	-	2	2	73	0.0273972602739726	0.0273972602739726	GACTT	1	0.0006783465826088031	2	1	73	0.0273972602739726	0.0136986301369863	GACTT	1	0.0006783465826088031
chr12	8801340	+	3	2	52	0.0576923076923077	0.038461538461538464	GTCAT	1	0.0019037260759525746	3	1	52	0.0576923076923077	0.019230769230769232	GTCAT	1	0.0019037260759525746
chr12	28731724	+	17	2	94	0.18085106382978725	0.02127659574468085	AACAG	1	0.0010502601937477118	12	1	94	0.1276595744680851	0.010638297872340424	AACAG	1	0.0010502601937477118
chr12	31390378	-	2	2	95	0.021052631578947368	0.021052631578947368	ATCGA	1	0.000306358560475885	2	2	95	0.021052631578947368	0.021052631578947368	ATCGA	1	0.000306358560475885
chr12	31646149	-	26	13	110	0.2363636363636364	0.11818181818181818	TACCA	1	0.00023481280642302402	25	2	110	0.2272727272727273	0.01818181818181818	TACCA	1	0.00023481280642302402
chr12	32900839	+	9	2	84	0.10714285714285714	0.023809523809523808	AACAA	1	0.00023708977434214296	8	1	84	0.09523809523809523	0.011904761904761904	AACAA	1	0.00023708977434214296
chr12	32900899	+	5	2	86	0.05813953488372092	0.02325581395348837	TACCA	1	0.0003291805803539368	5	1	86	0.05813953488372092	0.011627906976744186	TACCA	1	0.0003291805803539368
chr12	33026009	+	7	2	74	0.0945945945945946	0.027027027027027032	AACTT	1	0.00028777712568888223	7	1	74	0.0945945945945946	0.013513513513513514	AACTT	1	0.00028777712568888223
chr12	33026109	+	13	3	58	0.2241379310344828	0.05172413793103448	ATCTT	1	0.0006000555770095702	13	11	58	0.2241379310344828	0.1896551724137931	ATCTT	1	0.0006000555770095702
chr12	33026227	+	6	2	86	0.06976744186046513	0.02325581395348837	GACTG	1	4.473505764620364e-07	6	4	86	0.06976744186046513	0.04651162790697674	GACTG	1	4.473505764620364e-07
chr12	33026295	+	9	3	78	0.1153846153846154	0.038461538461538464	GTCTT	1	0.0008042214894276702	9	3	78	0.1153846153846154	0.038461538461538464	GTCTT	1	0.0008042214894276702
chr12	54693016	-	14	5	214	0.06542056074766353	0.02336448598130841	AACAG	1	1.1597609629789235e-05	12	4	214	0.05607476635514018	0.018691588785046728	AACAG	1	1.1597609629789235e-05
chr12	59236809	+	13	2	58	0.2241379310344828	0.03448275862068965	ATCTA	1	4.153426275405593e-05	12	2	58	0.206896551724138	0.03448275862068965	ATCTA	1	4.153426275405593e-05
chr12	59236862	+	7	3	51	0.13725490196078433	0.05882352941176471	AACTC	1	0.009817361401494248	6	3	51	0.1176470588235294	0.05882352941176471	AACTC	1	0.009817361401494248
chr12	69233066	+	24	2	64	0.375	0.03125	ATCTA	1	0.00016504386765547606	22	7	64	0.34375	0.109375	ATCTA	1	0.00016504386765547606
chr12	69233271	+	11	3	71	0.15492957746478872	0.04225352112676056	GTCGG	1	0.0036555162119584414	9	3	71	0.1267605633802817	0.04225352112676056	GTCGG	1	0.0036555162119584414
chr12	71041129	+	25	6	117	0.21367521367521367	0.05128205128205128	ATCTT	1	0.0007677705789532372	9	3	117	0.07692307692307693	0.02564102564102564	ATCTT	1	0.0007677705789532372
chr12	73993540	+	13	9	118	0.11016949152542373	0.07627118644067797	GTCAT	1	1.1014950104192417e-05	13	5	118	0.11016949152542373	0.0423728813559322	GTCAT	1	1.1014950104192417e-05
chr12	85388085	-	3	2	53	0.05660377358490566	0.03773584905660377	ATCTA	1	0.009153613322087258	3	2	53	0.05660377358490566	0.03773584905660377	ATCTA	1	0.009153613322087258
chr12	110824690	-	22	3	59	0.3728813559322034	0.05084745762711865	ATCTA	1	0.00014361096818185054	16	4	59	0.2711864406779661	0.06779661016949153	ATCTA	1	0.00014361096818185054
chr12	111511304	+	3	3	129	0.02325581395348837	0.02325581395348837	CACAT	1	0.004429074773552843	3	2	129	0.02325581395348837	0.015503875968992246	CACAT	1	0.004429074773552843
chr12	112620279	-	5	4	145	0.03448275862068965	0.027586206896551724	TTCAA	1	0.005775806331657603	3	3	145	0.0206896551724138	0.0206896551724138	TTCAA	1	0.005775806331657603
chr13	32003582	-	11	4	66	0.16666666666666666	0.060606060606060615	ATCTT	1	0.0003693718589170687	10	3	66	0.15151515151515152	0.045454545454545456	ATCTT	1	0.0003693718589170687
chr13	47239196	-	12	12	76	0.15789473684210525	0.15789473684210525	GACTA	1	0.000318206950265509	12	8	76	0.15789473684210525	0.10526315789473684	GACTA	1	0.000318206950265509
chr13	47239238	-	3	2	78	0.038461538461538464	0.02564102564102564	ATCAA	1	0.008649589184284491	3	1	78	0.038461538461538464	0.01282051282051282	ATCAA	1	0.008649589184284491
chr13	47239251	-	8	6	78	0.10256410256410256	0.07692307692307693	GACAT	1	0.00032844386624666846	8	4	78	0.10256410256410256	0.05128205128205128	GACAT	1	0.00032844386624666846
chr13	49033979	-	7	4	83	0.08433734939759037	0.04819277108433735	GACAA	1	0.007803488852310562	7	1	83	0.08433734939759037	0.012048192771084338	GACAA	1	0.007803488852310562
chr13	54261383	+	9	2	74	0.12162162162162166	0.027027027027027032	TTCGG	1	0.0067721419728862964	9	5	74	0.12162162162162166	0.06756756756756757	TTCGG	1	0.0067721419728862964
chr13	54261462	+	5	3	68	0.07352941176470587	0.04411764705882353	ATCTT	1	0.008396039332219106	5	4	68	0.07352941176470587	0.05882352941176471	ATCTT	1	0.008396039332219106
chr13	58539267	-	18	17	186	0.0967741935483871	0.0913978494623656	AACTT	1	2.9165979261143152e-05	18	3	186	0.0967741935483871	0.016129032258064516	AACTT	1	2.9165979261143152e-05
chr13	64511709	-	24	13	136	0.17647058823529413	0.09558823529411764	AACTT	1	0.00011853624899923108	23	3	136	0.16911764705882354	0.02205882352941177	AACTT	1	0.00011853624899923108
chr13	73766529	+	9	3	74	0.12162162162162166	0.040540540540540536	AACAC	1	0.009606538600174415	9	1	74	0.12162162162162166	0.013513513513513514	AACAC	1	0.009606538600174415
chr13	74485657	-	6	6	61	0.09836065573770493	0.09836065573770493	GTCTC	1	0.008287348853799543	6	3	61	0.09836065573770493	0.04918032786885247	GTCTC	1	0.008287348853799543
chr14	8518507	+	8	2	54	0.14814814814814814	0.037037037037037035	GACGC	1	0.0093084141899458	8	1	54	0.14814814814814814	0.018518518518518517	GACGC	1	0.0093084141899458
chr14	14303617	+	9	6	84	0.10714285714285714	0.07142857142857142	TACTC	1	0.006189241555314354	8	2	84	0.09523809523809523	0.023809523809523808	TACTC	1	0.006189241555314354
chr14	21498171	+	8	3	56	0.14285714285714285	0.05357142857142857	ATCTG	1	0.007380213644671844	8	5	56	0.14285714285714285	0.08928571428571429	ATCTG	1	0.007380213644671844
chr14	21498347	+	2	2	57	0.03508771929824561	0.03508771929824561	GACTT	1	4.8493847451040946e-05	2	1	57	0.03508771929824561	0.017543859649122806	GACTT	1	4.8493847451040946e-05
chr14	21498377	+	8	3	53	0.1509433962264151	0.05660377358490566	TTCTT	1	4.169558318527882e-05	8	5	53	0.1509433962264151	0.09433962264150944	TTCTT	1	4.169558318527882e-05
chr14	29696720	+	11	4	122	0.09016393442622953	0.032786885245901634	AACTT	1	1.0793679348876576e-05	10	4	122	0.08196721311475409	0.032786885245901634	AACTT	1	1.0793679348876576e-05
chr14	34066795	+	23	8	52	0.4423076923076923	0.15384615384615385	TTCTA	1	0.003546508999369714	23	6	52	0.4423076923076923	0.1153846153846154	TTCTA	1	0.003546508999369714
chr14	45586248	+	10	3	57	0.17543859649122806	0.05263157894736842	ATCTT	1	0.00013192226023998917	10	6	57	0.17543859649122806	0.10526315789473684	ATCTT	1	0.00013192226023998917
chr14	51343531	+	27	3	75	0.36	0.04	CACTA	1	0.0001376673717559614	26	5	75	0.3466666666666667	0.06666666666666668	CACTA	1	0.0001376673717559614
chr14	66548214	+	14	2	58	0.2413793103448276	0.03448275862068965	AACTC	1	1.9842720750168838e-05	14	7	58	0.2413793103448276	0.1206896551724138	AACTC	1	1.9842720750168838e-05
chr14	66548216	+	16	2	61	0.26229508196721313	0.032786885245901634	CTCTT	1	6.660207577063533e-05	16	5	61	0.26229508196721313	0.08196721311475409	CTCTT	1	6.660207577063533e-05
chr14	73599902	-	5	2	58	0.08620689655172414	0.03448275862068965	TACTA	1	0.007008015314219846	5	2	58	0.08620689655172414	0.03448275862068965	TACTA	1	0.007008015314219846
chr14	122396392	+	6	2	63	0.09523809523809523	0.031746031746031744	TACGA	1	1.1869787217738038e-05	6	4	63	0.09523809523809523	0.06349206349206349	TACGA	1	1.1869787217738038e-05
chr14	122396532	+	12	3	58	0.206896551724138	0.05172413793103448	AACTT	1	3.954628635447881e-06	12	3	58	0.206896551724138	0.05172413793103448	AACTT	1	3.954628635447881e-06
chr15	4183575	+	40	20	175	0.2285714285714285	0.11428571428571427	GACTT	1	0.0006428876187614472	37	6	175	0.21142857142857144	0.03428571428571429	GACTT	1	0.0006428876187614472
chr15	4183636	+	17	9	141	0.12056737588652484	0.06382978723404255	GACTA	1	6.774407245366279e-05	16	9	141	0.11347517730496455	0.06382978723404255	GACTA	1	6.774407245366279e-05
chr15	9109518	+	3	2	64	0.046875	0.03125	AACTT	1	0.00014612722195710812	3	1	64	0.046875	0.015625	AACTT	1	0.00014612722195710812
chr15	34140986	+	7	2	74	0.0945945945945946	0.027027027027027032	AACAT	1	3.1230610502219644e-05	7	2	74	0.0945945945945946	0.027027027027027032	AACAT	1	3.1230610502219644e-05
chr15	38692216	+	6	2	80	0.075	0.025	ATCAT	1	0.0061691647640128005	6	4	80	0.075	0.05	ATCAT	1	0.0061691647640128005
chr15	96585519	-	8	3	99	0.08080808080808081	0.030303030303030307	ATCTA	1	0.003392804884068944	8	4	99	0.08080808080808081	0.04040404040404042	ATCTA	1	0.003392804884068944
chr15	96585535	-	13	4	100	0.13	0.04	AACTT	1	0.001956926540460978	13	3	100	0.13	0.03	AACTT	1	0.001956926540460978
chr15	100158833	+	8	3	52	0.15384615384615385	0.0576923076923077	TTCTA	1	1.7139256210193175e-06	8	3	52	0.15384615384615385	0.0576923076923077	TTCTA	1	1.7139256210193175e-06
chr15	100518597	+	18	12	247	0.0728744939271255	0.048582995951417005	GACTA	1	2.054764949370376e-05	18	6	247	0.0728744939271255	0.024291497975708502	GACTA	1	2.054764949370376e-05
chr15	103153358	+	18	5	202	0.0891089108910891	0.02475247524752476	TACTC	1	6.809616174615914e-05	16	4	202	0.07920792079207921	0.0198019801980198	TACTC	1	6.809616174615914e-05
chr16	10777430	-	15	4	122	0.12295081967213115	0.032786885245901634	TACAT	1	0.001244783352400057	15	2	122	0.12295081967213115	0.016393442622950817	TACAT	1	0.001244783352400057
chr16	11042301	-	22	3	84	0.2619047619047619	0.03571428571428571	GACGC	1	0.0025728342847917483	21	4	84	0.25	0.047619047619047616	GACGC	1	0.0025728342847917483
chr16	16863040	+	4	2	59	0.06779661016949153	0.03389830508474576	GACAT	1	5.742409361871314e-06	3	1	59	0.05084745762711865	0.01694915254237288	GACAT	1	5.742409361871314e-06
chr16	18057940	-	13	4	173	0.07514450867052024	0.023121387283237003	GTCTT	1	0.0007598576777511428	13	11	173	0.07514450867052024	0.06358381502890173	GTCTT	1	0.0007598576777511428
chr16	32450689	+	23	3	80	0.2875	0.0375	AACTG	1	0.008171756661489496	23	3	80	0.2875	0.0375	AACTG	1	0.008171756661489496
chr17	26875558	+	10	4	73	0.136986301369863	0.0547945205479452	AACTT	1	0.0009378909467448195	9	5	73	0.1232876712328767	0.0684931506849315	AACTT	1	0.0009378909467448195
chr17	35169244	-	10	8	164	0.06097560975609756	0.04878048780487805	AACGA	1	0.0018704558182553648	9	4	164	0.054878048780487805	0.024390243902439025	AACGA	1	0.0018704558182553648
chr17	35169294	-	16	7	167	0.09580838323353294	0.041916167664670656	AACTT	1	0.0011732816638823462	16	4	167	0.09580838323353294	0.023952095808383242	AACTT	1	0.0011732816638823462
chr17	71965953	+	8	2	73	0.1095890410958904	0.0273972602739726	GTCTA	1	0.00842680903267223	7	2	73	0.0958904109589041	0.0273972602739726	GTCTA	1	0.00842680903267223
chr17	74507767	-	10	7	147	0.06802721088435375	0.047619047619047616	GACAA	1	0.004715305704510815	9	2	147	0.061224489795918366	0.013605442176870748	GACAA	1	0.004715305704510815
chr17	75834737	+	4	2	87	0.045977011494252866	0.02298850574712644	TGCAA	1	0.0003535638317638502	2	1	87	0.02298850574712644	0.011494252873563218	TGCAA	1	0.0003535638317638502
chr17	80337841	-	12	2	71	0.16901408450704225	0.028169014084507043	ATCTA	1	0.004218972481833433	12	5	71	0.16901408450704225	0.07042253521126761	ATCTA	1	0.004218972481833433
chr18	35042315	-	10	2	84	0.11904761904761905	0.023809523809523808	ATCTA	1	0.0003180885286463484	10	3	84	0.11904761904761905	0.03571428571428571	ATCTA	1	0.0003180885286463484
chr18	35071227	-	13	6	250	0.052000000000000005	0.024	AACTT	1	3.6850096513218245e-06	13	6	250	0.052000000000000005	0.024	AACTT	1	3.6850096513218245e-06
chr18	35723892	+	15	2	73	0.2054794520547945	0.0273972602739726	CACAT	1	0.00239965883066742	13	1	73	0.1780821917808219	0.0136986301369863	CACAT	1	0.00239965883066742
chr18	38460652	-	5	5	71	0.07042253521126761	0.07042253521126761	GACTT	1	7.430360909046991e-05	5	1	71	0.07042253521126761	0.014084507042253518	GACTT	1	7.430360909046991e-05
chr18	38597611	+	3	2	61	0.04918032786885247	0.032786885245901634	GTCAT	1	0.002590798172224653	3	1	61	0.04918032786885247	0.016393442622950817	GTCAT	1	0.002590798172224653
chr18	46719488	-	8	4	85	0.09411764705882353	0.047058823529411764	CTCGA	1	0.0004925974796600799	8	6	85	0.09411764705882353	0.07058823529411765	CTCGA	1	0.0004925974796600799
chr18	46719490	-	6	3	84	0.07142857142857142	0.03571428571428571	GACTC	1	0.00013638185273465907	5	2	84	0.05952380952380953	0.023809523809523808	GACTC	1	0.00013638185273465907
chr18	84897910	+	17	4	113	0.1504424778761062	0.035398230088495575	AACTT	1	0.000904971525277223	17	4	113	0.1504424778761062	0.035398230088495575	AACTT	1	0.000904971525277223
chr19	12442053	+	24	3	110	0.2181818181818181	0.027272727272727268	AACAC	1	0.009058143583441406	23	2	110	0.20909090909090908	0.01818181818181818	AACAC	1	0.009058143583441406
chr19	12810923	+	7	2	88	0.07954545454545454	0.022727272727272728	ATCAA	1	0.0030331658550791555	6	2	88	0.06818181818181818	0.022727272727272728	ATCAA	1	0.0030331658550791555
chr19	20350920	-	8	3	90	0.08888888888888889	0.03333333333333333	TACAA	1	9.185635915203693e-06	6	3	90	0.06666666666666668	0.03333333333333333	TACAA	1	9.185635915203693e-06
chr19	60859867	-	10	3	60	0.16666666666666666	0.05	CCCTT	1	0.0009060341454721217	10	2	60	0.16666666666666666	0.03333333333333333	CCCTT	1	0.0009060341454721217
chr2	4943499	+	6	5	57	0.10526315789473684	0.08771929824561403	AACTA	1	0.0008652679773948668	6	4	57	0.10526315789473684	0.07017543859649122	AACTA	1	0.0008652679773948668
chr2	5799498	-	3	3	53	0.05660377358490566	0.05660377358490566	AACAT	1	7.553080117579753e-05	2	1	53	0.03773584905660377	0.018867924528301886	AACAT	1	7.553080117579753e-05
chr2	18847901	-	4	2	52	0.07692307692307693	0.038461538461538464	AACTC	1	2.7171270930836184e-06	4	1	52	0.07692307692307693	0.019230769230769232	AACTC	1	2.7171270930836184e-06
chr2	35071027	-	3	2	52	0.0576923076923077	0.038461538461538464	ATCTT	1	0.002942328415213277	3	3	52	0.0576923076923077	0.0576923076923077	ATCTT	1	0.002942328415213277
chr2	72923864	-	4	3	115	0.034782608695652174	0.026086956521739132	GACAA	1	0.0006813104008485527	4	2	115	0.034782608695652174	0.017391304347826087	GACAA	1	0.0006813104008485527
chr2	75496363	+	3	3	75	0.04	0.04	TGCAA	1	0.0019491255477874878	1	1	75	0.013333333333333334	0.013333333333333334	TGCAA	1	0.0019491255477874878
chr2	75506019	-	5	2	85	0.05882352941176471	0.023529411764705882	GACTT	1	0.0020015054292706704	5	1	85	0.05882352941176471	0.011764705882352941	GACTT	1	0.0020015054292706704
chr2	78750716	+	2	2	61	0.032786885245901634	0.032786885245901634	TTCAT	1	0.00012410598088046434	2	2	61	0.032786885245901634	0.032786885245901634	TTCAT	1	0.00012410598088046434
chr2	79161659	+	8	5	134	0.05970149253731344	0.037313432835820885	GACTT	1	0.00021781968765215268	8	5	134	0.05970149253731344	0.037313432835820885	GACTT	1	0.00021781968765215268
chr2	79162045	+	10	7	162	0.061728395061728385	0.043209876543209874	GACTT	1	0.0031852066007256605	10	4	162	0.061728395061728385	0.02469135802469136	GACTT	1	0.0031852066007256605
chr2	94242379	-	6	3	85	0.07058823529411765	0.035294117647058816	GACTA	1	0.0020027239548080595	6	2	85	0.07058823529411765	0.023529411764705882	GACTA	1	0.0020027239548080595
chr2	94242711	-	7	2	69	0.10144927536231883	0.028985507246376805	TTCAT	1	0.000365966872842167	7	1	69	0.10144927536231883	0.014492753623188406	TTCAT	1	0.000365966872842167
chr2	94243207	-	5	5	67	0.07462686567164177	0.07462686567164177	AACTT	1	0.00017160908990226603	5	1	67	0.07462686567164177	0.01492537313432836	AACTT	1	0.00017160908990226603
chr2	103284605	-	4	3	65	0.061538461538461535	0.04615384615384616	CACTC	1	9.434873557440148e-05	4	1	65	0.061538461538461535	0.015384615384615384	CACTC	1	9.434873557440148e-05
chr2	109730954	+	4	3	55	0.07272727272727272	0.054545454545454536	GTCAT	1	0.0003010081826965422	4	1	55	0.07272727272727272	0.01818181818181818	GTCAT	1	0.0003010081826965422
chr2	112297690	+	4	3	84	0.047619047619047616	0.03571428571428571	GTCAC	1	0.0028730598828137803	4	1	84	0.047619047619047616	0.011904761904761904	GTCAC	1	0.0028730598828137803
chr2	117009154	+	14	4	80	0.175	0.05	ATCTT	1	0.005557886771075293	14	4	80	0.175	0.05	ATCTT	1	0.005557886771075293
chr2	117009217	+	17	2	87	0.19540229885057472	0.02298850574712644	GTCTA	1	0.002124723247460976	16	9	87	0.1839080459770115	0.10344827586206896	GTCTA	1	0.002124723247460976
chr2	117010006	+	2	2	75	0.02666666666666667	0.02666666666666667	AACAA	1	0.0003140162966866062	2	1	75	0.02666666666666667	0.013333333333333334	AACAA	1	0.0003140162966866062
chr2	119417486	+	3	3	67	0.04477611940298507	0.04477611940298507	ATCAA	1	0.0022302569213400432	2	1	67	0.02985074626865672	0.01492537313432836	ATCAA	1	0.0022302569213400432
chr2	121288764	+	17	2	68	0.25	0.029411764705882363	GACTG	1	0.007194593039829131	14	5	68	0.2058823529411765	0.07352941176470587	GACTG	1	0.007194593039829131
chr2	121983221	+	280	166	851	0.3290246768507638	0.19506462984723846	TACAC	1	0.00441884749970999	254	9	851	0.2984723854289072	0.010575793184488836	TACAC	1	0.00441884749970999
chr2	121983307	+	106	19	482	0.2199170124481328	0.03941908713692946	ATCTT	1	0.002853043836940152	103	51	482	0.21369294605809128	0.1058091286307054	ATCTT	1	0.002853043836940152
chr2	121983352	+	60	36	786	0.07633587786259542	0.04580152671755725	AACAA	1	0.0003496671256212652	48	15	786	0.06106870229007633	0.019083969465648856	AACAA	1	0.0003496671256212652
chr2	125516537	+	3	3	101	0.0297029702970297	0.0297029702970297	GTCAA	1	0.00979274076702954	3	2	101	0.0297029702970297	0.0198019801980198	GTCAA	1	0.00979274076702954
chr2	132091272	-	74	29	254	0.2913385826771653	0.1141732283464567	ATCTT	1	0.006007525231885304	65	11	254	0.2559055118110236	0.043307086614173235	ATCTT	1	0.006007525231885304
chr2	144092978	-	28	6	92	0.3043478260869565	0.06521739130434782	ATCTT	1	2.4848657388929168e-05	27	16	92	0.29347826086956524	0.17391304347826084	ATCTT	1	2.4848657388929168e-05
chr2	151402936	+	10	4	137	0.072992700729927	0.0291970802919708	GACAT	1	0.0006215260142325162	10	5	137	0.072992700729927	0.0364963503649635	GACAT	1	0.0006215260142325162
chr2	151403246	+	6	3	146	0.0410958904109589	0.02054794520547945	GACTT	1	9.752838660815185e-06	6	3	146	0.0410958904109589	0.02054794520547945	GACTT	1	9.752838660815185e-06
chr2	163467194	-	194	41	791	0.2452591656131479	0.051833122629582805	ATCTG	1	0.0004358748961025517	186	20	791	0.23514538558786344	0.025284450063211124	ATCTG	1	0.0004358748961025517
chr2	163469818	-	136	32	634	0.21451104100946367	0.050473186119873815	ATCTT	1	0.00014084071752065684	132	64	634	0.2082018927444795	0.10094637223974763	ATCTT	1	0.00014084071752065684
chr2	163860451	+	14	2	96	0.14583333333333334	0.02083333333333333	TACAC	1	0.003299496563715905	12	1	96	0.125	0.010416666666666666	TACAC	1	0.003299496563715905
chr2	163860478	+	3	2	98	0.030612244897959183	0.020408163265306117	AACTT	1	0.00011951761811193452	3	2	98	0.030612244897959183	0.020408163265306117	AACTT	1	0.00011951761811193452
chr2	174306991	-	6	3	73	0.0821917808219178	0.0410958904109589	GACTT	1	0.000143625209715986	6	1	73	0.0821917808219178	0.0136986301369863	GACTT	1	0.000143625209715986
chr3	36503211	-	65	15	262	0.2480916030534351	0.05725190839694656	ATCTT	1	0.0022153365665603	65	35	262	0.2480916030534351	0.133587786259542	ATCTT	1	0.0022153365665603
chr3	58429600	-	7	3	107	0.06542056074766353	0.02803738317757009	TACAA	1	2.1054804270089807e-07	7	3	107	0.06542056074766353	0.02803738317757009	TACAA	1	2.1054804270089807e-07
chr3	58429642	-	29	3	114	0.2543859649122807	0.02631578947368421	TACTA	1	0.0017087148196736725	27	4	114	0.2368421052631579	0.03508771929824561	TACTA	1	0.0017087148196736725
chr3	58430887	-	6	2	96	0.0625	0.02083333333333333	TGCAA	1	0.004126678868500087	6	1	96	0.0625	0.010416666666666666	TGCAA	1	0.004126678868500087
chr3	60535658	+	13	5	85	0.15294117647058825	0.05882352941176471	TACTC	1	3.382641096444466e-05	13	3	85	0.15294117647058825	0.035294117647058816	TACTC	1	3.382641096444466e-05
chr3	60536098	+	20	11	112	0.17857142857142858	0.09821428571428573	TACTC	1	3.681477305622725e-05	20	4	112	0.17857142857142858	0.03571428571428571	TACTC	1	3.681477305622725e-05
chr3	60537098	+	26	7	132	0.19696969696969696	0.05303030303030303	TACTG	1	4.858532315608121e-05	24	8	132	0.18181818181818185	0.060606060606060615	TACTG	1	4.858532315608121e-05
chr3	67501660	+	25	7	78	0.3205128205128205	0.08974358974358974	ATCTG	1	0.005194624094049796	22	2	78	0.28205128205128205	0.02564102564102564	ATCTG	1	0.005194624094049796
chr3	88389171	-	10	3	76	0.13157894736842105	0.03947368421052632	CTCAA	1	0.0046565748917772355	10	1	76	0.13157894736842105	0.013157894736842105	CTCAA	1	0.0046565748917772355
chr3	89322880	-	8	4	153	0.05228758169934642	0.026143790849673203	GACTT	1	3.5155026766518164e-06	7	2	153	0.0457516339869281	0.013071895424836602	GACTT	1	3.5155026766518164e-06
chr3	89336992	+	2	2	61	0.032786885245901634	0.032786885245901634	GACTT	1	3.856546627561112e-06	2	2	61	0.032786885245901634	0.032786885245901634	GACTT	1	3.856546627561112e-06
chr3	93471553	+	18	5	176	0.10227272727272728	0.028409090909090905	ATCAA	1	0.000665247691354607	15	2	176	0.08522727272727272	0.011363636363636364	ATCAA	1	0.000665247691354607
chr3	95230757	+	9	4	169	0.05325443786982249	0.02366863905325444	AACAT	1	0.00137329096671742	9	3	169	0.05325443786982249	0.017751479289940832	AACAT	1	0.00137329096671742
chr3	95463493	+	134	36	641	0.20904836193447726	0.0561622464898596	ATCTA	1	0.002005099487014402	130	29	641	0.20280811232449286	0.0452418096723869	ATCTA	1	0.002005099487014402
chr3	95463642	+	121	15	611	0.19803600654664485	0.024549918166939442	GTCTA	1	0.0004798173695907028	115	60	611	0.18821603927986907	0.09819967266775777	GTCTA	1	0.0004798173695907028
chr3	95536583	+	5	3	63	0.07936507936507936	0.047619047619047616	GACGT	1	0.009846513112901594	5	1	63	0.07936507936507936	0.015873015873015872	GACGT	1	0.009846513112901594
chr3	95568836	+	26	4	162	0.16049382716049382	0.02469135802469136	GTCTG	1	4.5232456375282974e-06	26	8	162	0.16049382716049382	0.04938271604938271	GTCTG	1	4.5232456375282974e-06
chr3	105635675	-	10	4	92	0.10869565217391304	0.043478260869565216	AACTC	1	4.465296925038761e-05	9	3	92	0.09782608695652174	0.03260869565217391	AACTC	1	4.465296925038761e-05
chr3	108014820	-	10	4	76	0.13157894736842105	0.05263157894736842	ATCTT	1	0.00021729715859057625	10	4	76	0.13157894736842105	0.05263157894736842	ATCTT	1	0.00021729715859057625
chr3	135114484	-	12	2	51	0.2352941176470588	0.0392156862745098	AACTC	1	0.0003098827324064209	12	3	51	0.2352941176470588	0.05882352941176471	AACTC	1	0.0003098827324064209
chr3	138262098	+	5	2	73	0.0684931506849315	0.0273972602739726	AACAC	1	4.8386088854678824e-05	5	1	73	0.0684931506849315	0.0136986301369863	AACAC	1	4.8386088854678824e-05
chr3	144302773	+	178	100	262	0.6793893129770993	0.3816793893129771	AACTT	1	0.002422534516447727	167	25	262	0.6374045801526718	0.09541984732824428	AACTT	1	0.002422534516447727
chr3	144303234	+	21	16	295	0.0711864406779661	0.05423728813559322	GACTG	1	0.00024603038909184625	20	17	295	0.06779661016949153	0.0576271186440678	GACTG	1	0.00024603038909184625
chr3	144303388	+	56	29	274	0.2043795620437956	0.10583941605839416	CACTT	1	0.0004915587292714283	56	30	274	0.2043795620437956	0.10948905109489053	CACTT	1	0.0004915587292714283
chr3	144303415	+	15	10	266	0.05639097744360904	0.03759398496240601	AACTT	1	4.617939370291408e-06	14	6	266	0.05263157894736842	0.022556390977443608	AACTT	1	4.617939370291408e-06
chr3	157716815	-	3	2	59	0.05084745762711865	0.03389830508474576	TACGA	1	0.002864620481168034	3	1	59	0.05084745762711865	0.01694915254237288	TACGA	1	0.002864620481168034
chr4	6394955	+	33	20	218	0.15137614678899086	0.09174311926605504	GACTT	1	0.0033364606675081016	30	7	218	0.13761467889908258	0.03211009174311927	GACTT	1	0.0033364606675081016
chr4	6395221	+	24	18	237	0.10126582278481013	0.0759493670886076	AACTT	1	0.0012455266298356466	23	7	237	0.0970464135021097	0.029535864978902964	AACTT	1	0.0012455266298356466
chr4	6395576	+	14	9	211	0.06635071090047394	0.04265402843601896	GACAC	1	0.0002576310933845043	14	4	211	0.06635071090047394	0.018957345971563986	GACAC	1	0.0002576310933845043
chr4	63468872	+	10	7	191	0.052356020942408384	0.03664921465968586	GACTT	1	0.0006827146893227077	10	3	191	0.052356020942408384	0.015706806282722512	GACTT	1	0.0006827146893227077
chr4	89098332	+	4	2	54	0.07407407407407407	0.037037037037037035	GACTT	1	0.00033347979669681656	4	1	54	0.07407407407407407	0.018518518518518517	GACTT	1	0.00033347979669681656
chr4	107057750	+	8	3	142	0.056338028169014086	0.02112676056338028	AACTT	1	0.0021427610905940518	8	2	142	0.056338028169014086	0.014084507042253518	AACTT	1	0.0021427610905940518
chr4	109518296	-	14	4	61	0.2295081967213115	0.06557377049180327	ATCTT	1	0.00735430684474727	13	2	61	0.21311475409836064	0.032786885245901634	ATCTT	1	0.00735430684474727
chr4	114818006	-	21	7	149	0.14093959731543626	0.04697986577181208	ATCTA	1	0.0007282505177934747	21	10	149	0.14093959731543626	0.06711409395973154	ATCTA	1	0.0007282505177934747
chr4	114818042	-	15	12	143	0.1048951048951049	0.08391608391608392	GACTA	1	1.4878329150468016e-06	13	5	143	0.09090909090909093	0.03496503496503497	GACTA	1	1.4878329150468016e-06
chr4	114818363	-	5	3	137	0.0364963503649635	0.021897810218978103	AACTT	1	0.0012727315573510224	5	2	137	0.0364963503649635	0.0145985401459854	AACTT	1	0.0012727315573510224
chr4	126924083	+	20	3	69	0.2898550724637681	0.043478260869565216	ATCTT	1	0.0006175140122476536	20	2	69	0.2898550724637681	0.028985507246376805	ATCTT	1	0.0006175140122476536
chr4	126924089	+	29	11	111	0.2612612612612613	0.0990990990990991	AACTT	1	0.00014292254530478014	26	5	111	0.23423423423423426	0.045045045045045036	AACTT	1	0.00014292254530478014
chr4	129609610	-	7	2	75	0.09333333333333334	0.02666666666666667	AACAG	1	8.106940882053256e-07	5	4	75	0.06666666666666668	0.05333333333333334	AACAG	1	8.106940882053256e-07
chr4	136067680	+	12	8	73	0.1643835616438356	0.1095890410958904	TACAT	1	9.398252690123976e-05	12	1	73	0.1643835616438356	0.0136986301369863	TACAT	1	9.398252690123976e-05
chr4	155675343	+	3	3	62	0.04838709677419355	0.04838709677419355	CACGT	1	0.00022587543806260708	2	1	62	0.03225806451612903	0.016129032258064516	CACGT	1	0.00022587543806260708
chr5	29971521	+	20	4	80	0.25	0.05	CTCGA	1	0.004180372985948104	6	5	80	0.075	0.0625	CTCGA	1	0.004180372985948104
chr5	32648888	+	2	2	54	0.037037037037037035	0.037037037037037035	GACAT	1	0.002292602843019543	2	1	54	0.037037037037037035	0.018518518518518517	GACAT	1	0.002292602843019543
chr5	32649102	+	12	3	56	0.21428571428571427	0.05357142857142857	CACTG	1	0.0014488792039996667	9	3	56	0.16071428571428573	0.05357142857142857	CACTG	1	0.0014488792039996667
chr5	32649122	+	9	2	58	0.15517241379310345	0.03448275862068965	CTCTA	1	0.004531015814531969	9	4	58	0.15517241379310345	0.06896551724137931	CTCTA	1	0.004531015814531969
chr5	32649792	+	12	2	63	0.19047619047619047	0.031746031746031744	TTCTA	1	0.0027583726460249595	12	3	63	0.19047619047619047	0.047619047619047616	TTCTA	1	0.0027583726460249595
chr5	88807909	-	11	2	59	0.1864406779661017	0.03389830508474576	GTCTG	1	0.005836646530909773	10	2	59	0.1694915254237288	0.03389830508474576	GTCTG	1	0.005836646530909773
chr5	122594871	-	3	3	110	0.027272727272727268	0.027272727272727268	GACTT	1	0.0017739016020193925	3	3	110	0.027272727272727268	0.027272727272727268	GACTT	1	0.0017739016020193925
chr5	122595066	-	6	4	101	0.0594059405940594	0.0396039603960396	GACTC	1	0.0004202133127693145	6	4	101	0.0594059405940594	0.0396039603960396	GACTC	1	0.0004202133127693145
chr5	122595183	-	5	3	94	0.05319148936170213	0.031914893617021274	AACTT	1	2.1865147587972664e-05	5	1	94	0.05319148936170213	0.010638297872340424	AACTT	1	2.1865147587972664e-05
chr5	135937711	-	2	2	99	0.020202020202020204	0.020202020202020204	AACTT	1	7.332901025877558e-08	2	1	99	0.020202020202020204	0.010101010101010102	AACTT	1	7.332901025877558e-08
chr5	143491721	-	7	3	99	0.0707070707070707	0.030303030303030307	AACGC	1	1.2131496290672459e-05	6	1	99	0.060606060606060615	0.010101010101010102	AACGC	1	1.2131496290672459e-05
chr5	143491732	-	8	4	78	0.10256410256410256	0.05128205128205128	ATCTT	1	0.006716377921544586	8	4	78	0.10256410256410256	0.05128205128205128	ATCTT	1	0.006716377921544586
chr5	148441858	-	5	5	57	0.08771929824561403	0.08771929824561403	GACAT	1	6.789156016850496e-06	5	2	57	0.08771929824561403	0.03508771929824561	GACAT	1	6.789156016850496e-06
chr5	148442113	-	3	2	56	0.05357142857142857	0.03571428571428571	TTCGG	1	0.0018264563766587367	3	1	56	0.05357142857142857	0.017857142857142856	TTCGG	1	0.0018264563766587367
chr6	18853911	+	15	6	59	0.2542372881355932	0.1016949152542373	ATCTA	1	0.0005082830755754054	10	2	59	0.1694915254237288	0.03389830508474576	ATCTA	1	0.0005082830755754054
chr6	35486075	-	3	2	80	0.0375	0.025	TACAT	1	0.005952359934248544	3	1	80	0.0375	0.0125	TACAT	1	0.005952359934248544
chr6	35486817	-	3	2	83	0.03614457831325301	0.024096385542168683	GACAC	1	0.0004975335420381867	3	3	83	0.03614457831325301	0.03614457831325301	GACAC	1	0.0004975335420381867
chr6	35487711	-	6	3	74	0.08108108108108109	0.040540540540540536	GACTT	1	0.0061038170327206605	6	2	74	0.08108108108108109	0.027027027027027032	GACTT	1	0.0061038170327206605
chr6	47773265	-	10	4	96	0.10416666666666667	0.04166666666666666	GACTT	1	0.008519617171795064	10	1	96	0.10416666666666667	0.010416666666666666	GACTT	1	0.008519617171795064
chr6	49221062	-	6	2	66	0.09090909090909093	0.030303030303030307	AACTT	1	9.853969632309668e-07	5	1	66	0.07575757575757576	0.015151515151515154	AACTT	1	9.853969632309668e-07
chr6	49221327	-	9	3	64	0.140625	0.046875	ATCTG	1	0.0012998711250959735	9	3	64	0.140625	0.046875	ATCTG	1	0.0012998711250959735
chr6	50175331	+	9	2	97	0.09278350515463918	0.020618556701030927	AACAG	1	0.002302863365898504	9	1	97	0.09278350515463918	0.010309278350515464	AACAG	1	0.002302863365898504
chr6	51460501	+	3	3	90	0.03333333333333333	0.03333333333333333	GACCT	1	0.0049720308193646106	1	1	90	0.011111111111111113	0.011111111111111113	GACCT	1	0.0049720308193646106
chr6	52523340	-	9	5	71	0.1267605633802817	0.07042253521126761	GACTC	1	0.00037913833395199773	9	3	71	0.1267605633802817	0.04225352112676056	GACTC	1	0.00037913833395199773
chr6	52523351	-	2	2	69	0.028985507246376805	0.028985507246376805	TACAT	1	0.0004733706811486764	2	1	69	0.028985507246376805	0.014492753623188406	TACAT	1	0.0004733706811486764
chr6	67261085	+	83	15	564	0.14716312056737588	0.026595744680851064	GACTG	1	0.0009614333758668828	72	19	564	0.1276595744680851	0.03368794326241135	GACTG	1	0.0009614333758668828
chr6	71795753	-	8	2	68	0.1176470588235294	0.029411764705882363	TTCAT	1	0.006099937150400755	8	3	68	0.1176470588235294	0.04411764705882353	TTCAT	1	0.006099937150400755
chr6	83282765	-	4	2	61	0.06557377049180327	0.032786885245901634	GTCGG	1	0.0018529983974260613	4	3	61	0.06557377049180327	0.04918032786885247	GTCGG	1	0.0018529983974260613
chr6	83318430	+	9	3	78	0.1153846153846154	0.038461538461538464	GTCTT	1	0.006905462376959868	9	3	78	0.1153846153846154	0.038461538461538464	GTCTT	1	0.006905462376959868
chr6	83318715	+	3	2	83	0.03614457831325301	0.024096385542168683	GACTA	1	1.390731553417278e-05	3	2	83	0.03614457831325301	0.024096385542168683	GACTA	1	1.390731553417278e-05
chr6	86713853	-	4	3	122	0.032786885245901634	0.02459016393442624	GACAT	1	0.00015225548267522142	4	3	122	0.032786885245901634	0.02459016393442624	GACAT	1	0.00015225548267522142
chr6	86714562	-	13	8	111	0.11711711711711713	0.07207207207207207	AACTT	1	0.0005068069220940262	13	6	111	0.11711711711711713	0.054054054054054064	AACTT	1	0.0005068069220940262
chr6	87976624	-	32	20	299	0.10702341137123746	0.06688963210702341	GACTT	1	0.0013197227654178868	32	16	299	0.10702341137123746	0.05351170568561873	GACTT	1	0.0013197227654178868
chr6	88860646	-	7	2	80	0.0875	0.025	AACTT	1	0.005891730124378054	7	1	80	0.0875	0.0125	AACTT	1	0.005891730124378054
chr6	91735541	+	23	12	119	0.19327731092436976	0.10084033613445376	AACAA	1	3.086415947749025e-05	19	4	119	0.15966386554621848	0.03361344537815126	AACAA	1	3.086415947749025e-05
chr6	91736012	+	19	3	124	0.1532258064516129	0.024193548387096774	AACAC	1	0.0005063117434599841	17	2	124	0.13709677419354838	0.016129032258064516	AACAC	1	0.0005063117434599841
chr6	125437299	-	93	11	531	0.1751412429378531	0.020715630885122408	ATCTA	1	0.0018752252763388245	90	18	531	0.1694915254237288	0.03389830508474576	ATCTA	1	0.0018752252763388245
chr6	125437361	-	25	11	537	0.04655493482309125	0.020484171322160148	GACTC	1	0.002370116852027254	25	10	537	0.04655493482309125	0.0186219739292365	GACTC	1	0.002370116852027254
chr6	125437478	-	71	32	506	0.14031620553359686	0.06324110671936757	GACAT	1	0.00043175140975195954	66	23	506	0.13043478260869565	0.045454545454545456	GACAT	1	0.00043175140975195954
chr6	137728425	+	6	4	76	0.07894736842105263	0.05263157894736842	TACGT	1	0.0033735980600395643	6	4	76	0.07894736842105263	0.05263157894736842	TACGT	1	0.0033735980600395643
chr6	142721051	+	8	3	52	0.15384615384615385	0.0576923076923077	AACTC	1	0.0008161941197023118	8	1	52	0.15384615384615385	0.019230769230769232	AACTC	1	0.0008161941197023118
chr6	146932320	+	5	3	63	0.07936507936507936	0.047619047619047616	TACGT	1	3.5299315650361517e-06	4	1	63	0.06349206349206349	0.015873015873015872	TACGT	1	3.5299315650361517e-06
chr6	146972370	+	5	2	51	0.09803921568627452	0.0392156862745098	CACTG	1	0.00025113925961603337	4	2	51	0.0784313725490196	0.0392156862745098	CACTG	1	0.00025113925961603337
chr7	45532662	+	19	5	59	0.3220338983050847	0.0847457627118644	ATCTT	1	0.0010299695118794034	19	10	59	0.3220338983050847	0.1694915254237288	ATCTT	1	0.0010299695118794034
chr7	80362441	-	2	2	51	0.0392156862745098	0.0392156862745098	AACTT	1	0.0015603660636031758	2	1	51	0.0392156862745098	0.0196078431372549	AACTT	1	0.0015603660636031758
chr7	102118096	+	18	3	98	0.1836734693877551	0.030612244897959183	AACTT	1	0.004981915536799889	18	1	98	0.1836734693877551	0.010204081632653059	AACTT	1	0.004981915536799889
chr7	109654784	+	5	2	75	0.06666666666666668	0.02666666666666667	ATCGA	1	0.0004784821584369975	4	4	75	0.05333333333333334	0.05333333333333334	ATCGA	1	0.0004784821584369975
chr7	109655254	+	10	5	83	0.12048192771084335	0.060240963855421686	CTCTT	1	0.0013801637942768945	10	3	83	0.12048192771084335	0.03614457831325301	CTCTT	1	0.0013801637942768945
chr7	109655748	+	8	3	65	0.12307692307692307	0.04615384615384616	GTCTA	1	0.0005781613659116143	8	3	65	0.12307692307692307	0.04615384615384616	GTCTA	1	0.0005781613659116143
chr7	110670927	-	7	3	56	0.125	0.05357142857142857	AACTT	1	0.0011628396533492956	7	1	56	0.125	0.017857142857142856	AACTT	1	0.0011628396533492956
chr7	126871342	-	19	5	115	0.16521739130434782	0.043478260869565216	CTCTT	1	9.451380088524028e-05	19	4	115	0.16521739130434782	0.034782608695652174	CTCTT	1	9.451380088524028e-05
chr7	127581079	+	16	2	83	0.1927710843373494	0.024096385542168683	ATCGC	1	0.001760835659972837	14	4	83	0.1686746987951807	0.04819277108433735	ATCGC	1	0.001760835659972837
chr7	132159290	-	8	3	58	0.13793103448275862	0.05172413793103448	GACTG	1	0.007230397647510402	8	2	58	0.13793103448275862	0.03448275862068965	GACTG	1	0.007230397647510402
chr7	132159563	-	10	9	97	0.10309278350515463	0.09278350515463918	AACAG	1	8.10794225784208e-05	10	1	97	0.10309278350515463	0.010309278350515464	AACAG	1	8.10794225784208e-05
chr8	13224732	+	65	27	999	0.06506506506506507	0.027027027027027032	GACGG	1	0.004159782835888714	64	33	999	0.06406406406406406	0.03303303303303303	GACGG	1	0.004159782835888714
chr8	13427981	+	12	5	104	0.1153846153846154	0.04807692307692308	TGCTT	1	0.004683718591264076	10	2	104	0.09615384615384616	0.019230769230769232	TGCTT	1	0.004683718591264076
chr8	39618086	+	12	10	58	0.206896551724138	0.1724137931034483	GACTA	1	0.0006591171739353987	12	2	58	0.206896551724138	0.03448275862068965	GACTA	1	0.0006591171739353987
chr8	41793884	-	5	2	62	0.08064516129032258	0.03225806451612903	TTCAT	1	1.1895729886067188e-06	5	1	62	0.08064516129032258	0.016129032258064516	TTCAT	1	1.1895729886067188e-06
chr8	54975189	-	8	3	64	0.125	0.046875	AACAA	1	0.009876889929302413	7	2	64	0.109375	0.03125	AACAA	1	0.009876889929302413
chr8	72906950	+	13	4	73	0.1780821917808219	0.0547945205479452	TTCTA	1	0.00036776856181443344	12	7	73	0.1643835616438356	0.0958904109589041	TTCTA	1	0.00036776856181443344
chr8	79232092	-	55	8	105	0.5238095238095238	0.0761904761904762	TACTA	1	0.00424178924160561	52	10	105	0.4952380952380953	0.09523809523809523	TACTA	1	0.00424178924160561
chr8	80411194	-	20	8	82	0.24390243902439024	0.0975609756097561	ATCAA	1	0.009060491796571151	16	1	82	0.1951219512195122	0.012195121951219513	ATCAA	1	0.009060491796571151
chr8	108307482	-	4	3	75	0.05333333333333334	0.04	ATCTT	1	0.0008999446189424961	4	2	75	0.05333333333333334	0.02666666666666667	ATCTT	1	0.0008999446189424961
chr8	123299809	+	21	2	76	0.27631578947368424	0.02631578947368421	GACTG	1	0.004936460460224965	21	3	76	0.27631578947368424	0.03947368421052632	GACTG	1	0.004936460460224965
chr8	127661397	-	47	41	194	0.2422680412371134	0.21134020618556693	GACTA	1	0.00016419520001216366	15	10	194	0.07731958762886597	0.05154639175257732	GACTA	1	0.00016419520001216366
chr9	14421604	+	11	5	64	0.171875	0.078125	TTCAT	1	0.0031704201159577327	11	2	64	0.171875	0.03125	TTCAT	1	0.0031704201159577327
chr9	48400049	-	4	2	69	0.05797101449275361	0.028985507246376805	TACCA	1	0.003781540163445346	3	1	69	0.043478260869565216	0.014492753623188406	TACCA	1	0.003781540163445346
chr9	55361860	-	5	2	88	0.05681818181818181	0.022727272727272728	TTCAA	1	9.08876027795251e-06	5	1	88	0.05681818181818181	0.011363636363636364	TTCAA	1	9.08876027795251e-06
chr9	56043382	-	7	4	64	0.109375	0.0625	ATCAA	1	0.002089874267178546	6	4	64	0.09375	0.0625	ATCAA	1	0.002089874267178546
chr9	64211883	+	7	3	103	0.06796116504854369	0.029126213592233014	GACTA	1	6.586825411168788e-05	7	4	103	0.06796116504854369	0.03883495145631068	GACTA	1	6.586825411168788e-05
chr9	64624014	-	12	6	66	0.18181818181818185	0.09090909090909093	ATCTT	1	0.0016345945992939914	12	9	66	0.18181818181818185	0.13636363636363635	ATCTT	1	0.0016345945992939914
chr9	70318081	-	10	3	82	0.12195121951219512	0.03658536585365853	ATCGA	1	0.007029382762732257	10	9	82	0.12195121951219512	0.1097560975609756	ATCGA	1	0.007029382762732257
chr9	70685847	+	7	2	73	0.0958904109589041	0.0273972602739726	TACGT	1	0.002376749486674395	6	5	73	0.0821917808219178	0.0684931506849315	TACGT	1	0.002376749486674395
chr9	71385950	-	5	5	136	0.036764705882352935	0.036764705882352935	GACTT	1	1.4696501625358106e-05	5	4	136	0.036764705882352935	0.029411764705882363	GACTT	1	1.4696501625358106e-05
chr9	86464664	-	3	2	80	0.0375	0.025	AACTC	1	0.0001069695928414902	3	2	80	0.0375	0.025	AACTC	1	0.0001069695928414902
chr9	86464720	-	6	5	61	0.09836065573770493	0.08196721311475409	ATCTT	1	0.0009860164618802011	6	3	61	0.09836065573770493	0.04918032786885247	ATCTT	1	0.0009860164618802011
chr9	96353097	-	12	3	89	0.1348314606741573	0.033707865168539325	TTCAT	1	0.00014192618478650818	12	3	89	0.1348314606741573	0.033707865168539325	TTCAT	1	0.00014192618478650818
chr9	115071916	-	3	2	51	0.05882352941176471	0.0392156862745098	GACTT	1	0.0023836343608386744	3	1	51	0.05882352941176471	0.0196078431372549	GACTT	1	0.0023836343608386744
chr9	120789138	+	151	122	261	0.578544061302682	0.4674329501915709	GACTT	1	2.331193793363701e-05	150	42	261	0.5747126436781609	0.16091954022988506	GACTT	1	2.331193793363701e-05
chr9	120789285	+	41	17	278	0.1474820143884892	0.06115107913669065	GACGT	1	0.008246382582368934	40	9	278	0.14388489208633093	0.03237410071942446	GACGT	1	0.008246382582368934
chrX	10585531	+	6	2	56	0.10714285714285714	0.03571428571428571	GTCTT	1	0.0007360019642408702	6	2	56	0.10714285714285714	0.03571428571428571	GTCTT	1	0.0007360019642408702
chrX	12482130	+	7	2	81	0.08641975308641975	0.02469135802469136	GACTT	1	0.0005379925893862886	7	1	81	0.08641975308641975	0.012345679012345678	GACTT	1	0.0005379925893862886
chrX	12482197	+	6	5	83	0.07228915662650602	0.060240963855421686	GACGG	1	3.525613938606518e-05	5	4	83	0.060240963855421686	0.04819277108433735	GACGG	1	3.525613938606518e-05
chrX	12482227	+	14	7	83	0.1686746987951807	0.08433734939759037	AACAT	1	3.0715255960004907e-06	12	2	83	0.14457831325301204	0.024096385542168683	AACAT	1	3.0715255960004907e-06
chrX	12482720	+	42	34	81	0.5185185185185185	0.41975308641975306	TACTA	1	0.00010135788115258792	41	8	81	0.5061728395061729	0.09876543209876544	TACTA	1	0.00010135788115258792
chrX	12482741	+	5	4	92	0.05434782608695652	0.043478260869565216	GACTA	1	0.002696947411653259	5	3	92	0.05434782608695652	0.03260869565217391	GACTA	1	0.002696947411653259
chrX	12482895	+	13	6	92	0.14130434782608695	0.06521739130434782	GACTA	1	0.004627415646119462	13	2	92	0.14130434782608695	0.021739130434782608	GACTA	1	0.004627415646119462
chrX	13158049	+	12	3	55	0.2181818181818181	0.054545454545454536	AACTT	1	5.354530731898767e-06	11	3	55	0.2	0.054545454545454536	AACTT	1	5.354530731898767e-06
chrX	13159379	+	3	2	89	0.033707865168539325	0.02247191011235955	AACTT	1	0.0010210063556942393	3	2	89	0.033707865168539325	0.02247191011235955	AACTT	1	0.0010210063556942393
chrX	36062393	+	165	18	811	0.2034525277435265	0.02219482120838471	CTCAA	1	0.0034102634433091712	160	16	811	0.19728729963008632	0.01972872996300863	CTCAA	1	0.0034102634433091712
chrX	37494305	-	9	3	65	0.13846153846153847	0.04615384615384616	AACTG	1	0.000859859561058887	8	3	65	0.12307692307692307	0.04615384615384616	AACTG	1	0.000859859561058887
chrX	37508408	-	9	8	107	0.08411214953271028	0.07476635514018691	ATCAA	1	0.0003968035879690232	8	4	107	0.07476635514018691	0.037383177570093455	ATCAA	1	0.0003968035879690232
chrX	37508635	-	20	4	94	0.2127659574468085	0.0425531914893617	GTCTT	1	1.2825129315863353e-05	19	6	94	0.20212765957446807	0.06382978723404255	GTCTT	1	1.2825129315863353e-05
chrX	37508648	-	8	5	108	0.07407407407407407	0.04629629629629629	GACAA	1	1.4059240245642389e-05	7	2	108	0.06481481481481481	0.018518518518518517	GACAA	1	1.4059240245642389e-05
chrX	37509088	-	21	12	94	0.22340425531914893	0.1276595744680851	GACTT	1	0.0022358672875656765	21	6	94	0.22340425531914893	0.06382978723404255	GACTT	1	0.0022358672875656765
chrX	37509507	-	8	6	79	0.10126582278481013	0.0759493670886076	TACTC	1	0.00032118421165632736	8	1	79	0.10126582278481013	0.012658227848101266	TACTC	1	0.00032118421165632736
chrX	37509715	-	7	6	79	0.08860759493670886	0.0759493670886076	AACGA	1	0.0022056515137818832	7	2	79	0.08860759493670886	0.02531645569620253	AACGA	1	0.0022056515137818832
chrX	37509755	-	4	3	77	0.05194805194805195	0.03896103896103896	TTCCT	1	0.002225902760728005	4	1	77	0.05194805194805195	0.012987012987012988	TTCCT	1	0.002225902760728005
chrX	37510194	-	8	6	69	0.11594202898550725	0.08695652173913042	GACTT	1	0.005482188921429432	8	1	69	0.11594202898550725	0.014492753623188406	GACTT	1	0.005482188921429432
chrX	37510401	-	5	3	66	0.07575757575757576	0.045454545454545456	GACTA	1	0.00014679240665136392	5	3	66	0.07575757575757576	0.045454545454545456	GACTA	1	0.00014679240665136392
chrX	37510442	-	11	9	59	0.1864406779661017	0.15254237288135594	TACTA	1	0.0003643173027128345	11	2	59	0.1864406779661017	0.03389830508474576	TACTA	1	0.0003643173027128345
chrX	56278690	-	2	2	57	0.03508771929824561	0.03508771929824561	ATCAG	1	0.003182186969111953	2	1	57	0.03508771929824561	0.017543859649122806	ATCAG	1	0.003182186969111953
chrX	95211612	+	11	5	142	0.07746478873239436	0.035211267605633804	ATCAT	1	0.00016909946133105176	9	2	142	0.06338028169014084	0.014084507042253518	ATCAT	1	0.00016909946133105176
chrX	95211695	+	24	18	139	0.17266187050359713	0.12949640287769784	AACAT	1	1.749371016731588e-05	21	2	139	0.1510791366906475	0.014388489208633094	AACAT	1	1.749371016731588e-05
chrX	108204313	+	11	10	61	0.18032786885245905	0.16393442622950818	GACAT	1	0.0005326677356346785	11	1	61	0.18032786885245905	0.016393442622950817	GACAT	1	0.0005326677356346785
chrX	108204586	+	3	3	70	0.042857142857142864	0.042857142857142864	GACTT	1	0.002628398186943821	3	1	70	0.042857142857142864	0.014285714285714284	GACTT	1	0.002628398186943821
chrX	108204658	+	11	7	72	0.1527777777777778	0.09722222222222222	AACGA	1	0.0008027621938372425	11	3	72	0.1527777777777778	0.04166666666666666	AACGA	1	0.0008027621938372425
chrX	108205053	+	6	3	79	0.0759493670886076	0.0379746835443038	AACGT	1	0.0009502422082235901	6	2	79	0.0759493670886076	0.02531645569620253	AACGT	1	0.0009502422082235901
chrX	108205102	+	13	3	78	0.16666666666666666	0.038461538461538464	AACTC	1	0.00014121697362189618	13	6	78	0.16666666666666666	0.07692307692307693	AACTC	1	0.00014121697362189618
chrX	108205320	+	2	2	89	0.02247191011235955	0.02247191011235955	GACAA	1	0.0004304228928453832	2	2	89	0.02247191011235955	0.02247191011235955	GACAA	1	0.0004304228928453832
chrX	108205780	+	12	5	99	0.12121212121212124	0.0505050505050505	AACAC	1	0.00044401168200524846	11	2	99	0.1111111111111111	0.020202020202020204	AACAC	1	0.00044401168200524846
chrX	108205885	+	11	2	97	0.1134020618556701	0.020618556701030927	GACTG	1	0.002043440998807195	11	3	97	0.1134020618556701	0.030927835051546393	GACTG	1	0.002043440998807195
chrX	108206054	+	2	2	96	0.02083333333333333	0.02083333333333333	TTCAA	1	0.0009388422751778244	2	1	96	0.02083333333333333	0.010416666666666666	TTCAA	1	0.0009388422751778244
chrX	135147776	+	15	12	56	0.26785714285714285	0.21428571428571427	AACTT	1	2.345927701215358e-05	15	9	56	0.26785714285714285	0.16071428571428573	AACTT	1	2.345927701215358e-05
chrX	135147837	+	11	7	52	0.21153846153846154	0.1346153846153846	AACAC	1	0.0011888636991679088	11	3	52	0.21153846153846154	0.0576923076923077	AACAC	1	0.0011888636991679088
chrX	153996147	-	8	3	62	0.12903225806451613	0.04838709677419355	TACTC	1	3.860538052327871e-06	8	1	62	0.12903225806451613	0.016129032258064516	TACTC	1	3.860538052327871e-06
chrX	158165691	+	6	4	125	0.048	0.032	ATCAA	1	0.0007340269968011291	6	4	125	0.048	0.032	ATCAA	1	0.0007340269968011291
