	region	position	strand	T_native	T_corrected	depth_stranded	Tfreq_native	Tfreq_corrected	5mer	y_hat	p_value
0	chr1	4915457	+	4	2	51	0.0784313725490196	0.0392156862745098	TACTA	1	4.720720418589062e-05
1	chr1	4915694	+	7	2	51	0.13725490196078433	0.0392156862745098	TACTA	1	0.0005212852065015325
2	chr1	4916406	+	3	3	67	0.04477611940298507	0.04477611940298507	GACTT	1	9.861242153330502e-05
3	chr1	4916432	+	3	1	69	0.043478260869565216	0.014492753623188406	AACAT	1	4.5651539423465214e-07
4	chr1	4916454	+	6	3	60	0.1	0.05	ATCTT	1	8.767610387399764e-05
5	chr1	4916831	+	1	1	77	0.012987012987012988	0.012987012987012988	TTCAG	1	0.00021306667987944464
6	chr1	4916839	+	9	4	72	0.125	0.05555555555555555	TTCTA	1	5.400933317376696e-05
7	chr1	4966939	+	5	2	102	0.04901960784313725	0.0196078431372549	AACAT	1	0.0014087091934420644
8	chr1	4967115	+	5	3	103	0.04854368932038835	0.029126213592233014	GACTA	1	0.0045527893961433185
9	chr1	4967180	+	5	2	108	0.04629629629629629	0.018518518518518517	TACTC	1	3.561644095949058e-06
10	chr1	4967189	+	9	4	114	0.07894736842105263	0.03508771929824561	AACGG	1	2.6966647650684063e-06
11	chr1	4967193	+	5	2	112	0.04464285714285714	0.017857142857142856	GACTT	1	1.0837833009939335e-05
12	chr1	5213986	+	4	1	59	0.06779661016949153	0.01694915254237288	AACTT	1	0.003012610448526245
13	chr1	10105387	-	7	6	108	0.06481481481481481	0.05555555555555555	GTCAC	1	0.0041666579533707095
14	chr1	13636029	-	11	4	128	0.0859375	0.03125	TACTA	1	0.0003596021548339207
15	chr1	13636050	-	6	2	120	0.05	0.016666666666666666	GTCTT	1	0.0018669946091707476
16	chr1	13640269	-	3	2	103	0.029126213592233014	0.019417475728155338	GACTT	1	0.0006095286380956799
17	chr1	13642061	-	4	3	102	0.0392156862745098	0.029411764705882363	GTCTA	1	0.002080357514185657
18	chr1	33784707	-	2	1	64	0.03125	0.015625	GTCTT	1	0.0001353180318946639
19	chr1	33784744	-	2	1	67	0.02985074626865672	0.01492537313432836	AACAT	1	0.0005805770826558804
20	chr1	34852317	-	1	1	60	0.016666666666666666	0.016666666666666666	GACTT	1	0.00033463197537040754
21	chr1	37456426	-	3	2	83	0.03614457831325301	0.024096385542168683	CCCTT	1	0.0008225429636467969
22	chr1	39590390	-	1	1	99	0.010101010101010102	0.010101010101010102	TGCTT	1	0.0006293155464615454
23	chr1	39590654	-	11	3	62	0.1774193548387097	0.04838709677419355	ATCTT	1	8.573030147323442e-06
24	chr1	39590688	-	6	2	94	0.06382978723404255	0.02127659574468085	GTCTT	1	0.0005585075852254541
25	chr1	42918925	+	7	2	65	0.1076923076923077	0.030769230769230767	TGCTT	1	0.008261662136248224
26	chr1	42918929	+	1	1	60	0.016666666666666666	0.016666666666666666	TACCT	1	0.002986552153713173
27	chr1	44041368	+	5	1	61	0.08196721311475409	0.016393442622950817	AACTT	1	9.5002536224067e-05
28	chr1	55026263	-	7	5	79	0.08860759493670886	0.06329113924050632	ATCTT	1	0.0010527752517782338
29	chr1	58444747	+	8	2	164	0.04878048780487805	0.012195121951219513	GACGT	1	0.0014830885391253295
30	chr1	59735172	+	4	1	72	0.05555555555555555	0.013888888888888888	AACAG	1	0.008781665218916308
31	chr1	59741985	+	4	1	75	0.05333333333333334	0.013333333333333334	GACTT	1	0.0032477771515815736
32	chr1	59748173	+	3	3	84	0.03571428571428571	0.03571428571428571	GACTT	1	0.004846824072172915
33	chr1	60426564	+	1	1	59	0.01694915254237288	0.01694915254237288	TTCAT	1	0.001188528703274243
34	chr1	60426798	+	2	1	70	0.028571428571428567	0.014285714285714284	GACAT	1	2.88442372245234e-05
35	chr1	60426823	+	6	2	68	0.08823529411764706	0.029411764705882363	AACTT	1	6.640678023334869e-06
36	chr1	60426829	+	9	1	71	0.1267605633802817	0.014084507042253518	AACAG	1	1.5790948051383088e-06
37	chr1	60812235	+	6	1	99	0.060606060606060615	0.010101010101010102	TTCAT	1	0.0005042036626504292
38	chr1	63182872	-	3	1	83	0.03614457831325301	0.012048192771084338	TGCTT	1	0.0009629104834266394
39	chr1	71618322	+	5	2	153	0.032679738562091505	0.013071895424836602	AACTT	1	0.000431030085958123
40	chr1	78401770	-	4	1	85	0.047058823529411764	0.011764705882352941	CACAT	1	0.009797937831742036
41	chr1	80244800	-	3	2	67	0.04477611940298507	0.02985074626865672	TACTA	1	0.002296290761419825
42	chr1	80244938	-	3	1	73	0.0410958904109589	0.0136986301369863	GACTT	1	0.0006424117210413905
43	chr1	84702097	-	5	1	60	0.08333333333333333	0.016666666666666666	AACTT	1	4.8868920853719876e-05
44	chr1	84702530	-	2	1	57	0.03508771929824561	0.017543859649122806	TTCGG	1	0.004919285920697149
45	chr1	85779002	+	1	1	60	0.016666666666666666	0.016666666666666666	AACAA	1	0.00023212854600767403
46	chr1	87648114	+	1	1	61	0.016393442622950817	0.016393442622950817	TGCTT	1	0.008291322919261337
47	chr1	88146699	+	11	6	82	0.13414634146341464	0.07317073170731707	ATCAA	1	0.008254015380141302
48	chr1	93351088	-	3	1	81	0.037037037037037035	0.012345679012345678	AACTT	1	0.009719626383106741
49	chr1	93437140	+	4	1	64	0.0625	0.015625	GACAT	1	6.156891810982695e-05
50	chr1	93728257	-	2	2	107	0.018691588785046728	0.018691588785046728	CACAT	1	0.0012554692632028074
51	chr1	95261832	+	14	2	123	0.11382113821138212	0.016260162601626018	AACTT	1	0.0013505135687855282
52	chr1	106699168	-	12	2	55	0.21818181818181812	0.03636363636363636	ATCTG	1	0.0038794499335226096
53	chr1	106699174	-	2	1	55	0.03636363636363636	0.01818181818181818	TACAT	1	0.0023155192016727447
54	chr1	106699759	-	8	1	60	0.13333333333333333	0.016666666666666666	TGCTT	1	0.004336176045295593
55	chr1	118228201	-	4	2	70	0.057142857142857134	0.028571428571428567	GACTG	1	0.004330728790813368
56	chr1	121481629	-	8	1	67	0.11940298507462685	0.01492537313432836	GTCTT	1	1.6434728650521233e-05
57	chr1	130981464	-	31	7	279	0.1111111111111111	0.025089605734767026	GTCTT	1	0.00012000165447589177
58	chr1	131859779	+	1	1	65	0.015384615384615384	0.015384615384615384	AACTT	1	0.0039887403440840115
59	chr1	131859870	+	1	1	62	0.016129032258064516	0.016129032258064516	GGCCA	1	0.003299841440851841
60	chr1	135083165	+	2	1	52	0.038461538461538464	0.019230769230769232	AACTC	1	0.003370960513227182
61	chr1	137991206	-	1	1	67	0.01492537313432836	0.01492537313432836	TACTC	1	9.18447867812644e-05
62	chr1	137992099	-	1	1	54	0.018518518518518517	0.018518518518518517	AACAT	1	1.8253342797088559e-06
63	chr1	149705497	-	3	1	95	0.03157894736842105	0.010526315789473684	GACTT	1	0.0008480872316582585
64	chr1	151239323	+	1	1	65	0.015384615384615384	0.015384615384615384	GACAT	1	6.010845667394848e-06
65	chr1	153331672	-	3	1	51	0.05882352941176471	0.0196078431372549	GACTA	1	2.688793128067934e-05
66	chr1	153334223	-	2	1	53	0.03773584905660377	0.018867924528301886	GACAC	1	9.257730676181462e-05
67	chr1	156257378	-	13	2	69	0.18840579710144928	0.028985507246376805	GACTA	1	1.315906645967913e-05
68	chr1	156257473	-	6	3	68	0.08823529411764706	0.04411764705882353	TACTA	1	0.007195754227038419
69	chr1	156257526	-	13	2	70	0.18571428571428567	0.028571428571428567	GACTT	1	0.0034439831747202602
70	chr1	156257540	-	11	3	72	0.1527777777777778	0.041666666666666664	GTCTA	1	0.002526145357864011
71	chr1	156258121	-	4	2	66	0.060606060606060615	0.030303030303030307	GTCTC	1	0.003630609467204522
72	chr1	156258285	-	4	3	70	0.057142857142857134	0.042857142857142864	CACTT	1	0.003211160386403564
73	chr1	162422447	+	3	1	78	0.038461538461538464	0.01282051282051282	AACAA	1	0.0011300599414534895
74	chr1	162422483	+	1	1	77	0.012987012987012988	0.012987012987012988	GACAT	1	0.003123294412428876
75	chr1	165307057	+	3	1	57	0.05263157894736842	0.017543859649122806	TTCAC	1	0.0035894888371174327
76	chr1	167146871	+	21	6	145	0.14482758620689656	0.041379310344827586	TACTG	1	0.009967834310606565
77	chr1	167158125	+	10	3	187	0.053475935828877004	0.016042780748663103	AACAT	1	0.007477155815566513
78	chr1	167158213	+	4	2	192	0.020833333333333332	0.010416666666666666	GACAA	1	0.002916151031770505
79	chr1	167195452	+	13	5	107	0.12149532710280375	0.04672897196261682	AACTA	1	6.850328669928503e-05
80	chr1	167200012	-	20	3	228	0.08771929824561403	0.013157894736842105	TGCAC	1	0.008852355972527225
81	chr1	170788164	-	2	1	91	0.02197802197802198	0.01098901098901099	GTCAC	1	3.3428225471840032e-06
82	chr1	178156143	-	3	2	100	0.03	0.02	AACTT	1	0.0003588634284059083
83	chr1	178156654	-	48	9	287	0.1672473867595819	0.0313588850174216	ATCTG	1	1.849362632741534e-05
84	chr1	178156841	-	17	4	267	0.06367041198501873	0.0149812734082397	AACTT	1	0.008636520481722924
85	chr1	180428497	+	9	4	159	0.05660377358490566	0.025157232704402517	ATCTT	1	0.004912756234409925
86	chr1	180993884	+	9	2	117	0.07692307692307693	0.017094017094017096	GTCTT	1	0.006503414680318061
87	chr1	181643561	-	9	2	70	0.12857142857142856	0.028571428571428567	GACTT	1	1.5759936462812368e-06
88	chr1	181959229	+	2	2	152	0.013157894736842105	0.013157894736842105	AACTT	1	0.001522490631648849
89	chr1	182103844	-	4	1	87	0.04597701149425287	0.011494252873563218	GACTT	1	6.206241888915137e-05
90	chr1	182103943	-	7	1	85	0.08235294117647059	0.011764705882352941	TTCAT	1	9.102750278190826e-07
91	chr1	182106743	-	9	5	85	0.10588235294117647	0.05882352941176471	ATCTT	1	0.007326920906254356
92	chr1	182106784	-	23	4	93	0.24731182795698925	0.04301075268817205	ATCAC	1	0.007391824747065162
93	chr1	185018938	-	1	1	59	0.01694915254237288	0.01694915254237288	GGCAG	1	0.0029361114107848084
94	chr1	191085109	-	1	1	65	0.015384615384615384	0.015384615384615384	AACTT	1	1.55339891019228e-05
95	chr1	194793426	-	2	2	74	0.027027027027027032	0.027027027027027032	ATCAT	1	0.0008345744332564691
96	chr1	194793444	-	2	2	75	0.02666666666666667	0.02666666666666667	ATCGT	1	0.000291618956099974
97	chr10	13523131	-	1	1	64	0.015625	0.015625	TTCAT	1	0.0010120839384889528
98	chr10	13523227	-	4	2	67	0.05970149253731344	0.02985074626865672	AACTC	1	0.004820940649089169
99	chr10	17601044	+	15	6	242	0.061983471074380174	0.02479338842975207	GACTT	1	0.0002727749362481856
100	chr10	17601233	+	31	8	238	0.13025210084033614	0.03361344537815126	AACAT	1	1.4837970384495908e-05
101	chr10	17887230	-	8	2	83	0.0963855421686747	0.024096385542168683	TACAA	1	0.000247809544145249
102	chr10	40163769	-	1	1	58	0.017241379310344827	0.017241379310344827	CACAG	1	0.0032916035736771936
103	chr10	42411276	+	5	3	118	0.0423728813559322	0.025423728813559324	ATCTT	1	0.0036220414978482343
104	chr10	42411328	+	16	11	127	0.12598425196850396	0.08661417322834647	GTCTA	1	4.129152502740448e-06
105	chr10	52313334	+	3	1	69	0.043478260869565216	0.014492753623188406	AACAG	1	0.004704462274792308
106	chr10	57391937	-	2	1	68	0.029411764705882363	0.014705882352941175	TACTC	1	0.002750886093362931
107	chr10	57391997	-	4	2	68	0.05882352941176471	0.029411764705882363	GTCTT	1	0.0005665028640666894
108	chr10	57392081	-	36	8	62	0.5806451612903226	0.12903225806451613	GACTA	1	0.0020715383831263925
109	chr10	57392155	-	2	1	67	0.02985074626865672	0.01492537313432836	AACTT	1	0.00034289775168627035
110	chr10	57392300	-	1	1	64	0.015625	0.015625	AACTT	1	0.0007976405416634067
111	chr10	60934764	-	2	2	142	0.014084507042253518	0.014084507042253518	AACCT	1	0.0006925895658520737
112	chr10	60938463	-	3	1	76	0.03947368421052632	0.013157894736842105	TTCGG	1	0.006329551521119497
113	chr10	62291762	-	3	2	62	0.04838709677419355	0.03225806451612903	GACTT	1	3.013318335681344e-07
114	chr10	62292286	-	7	3	58	0.1206896551724138	0.05172413793103448	CACTG	1	0.0007634496374282995
115	chr10	62300453	-	3	1	53	0.05660377358490566	0.018867924528301886	AACAC	1	0.003412425860270333
116	chr10	71166603	-	7	1	67	0.1044776119402985	0.01492537313432836	GTCTT	1	0.0006326610064923622
117	chr10	75371244	+	6	2	139	0.04316546762589928	0.014388489208633094	GTCTT	1	0.0007165452164265249
118	chr10	78229581	+	1	1	74	0.013513513513513514	0.013513513513513514	CCCAT	1	0.004133571473707954
119	chr10	80123855	+	1	1	55	0.01818181818181818	0.01818181818181818	AACTT	1	1.1764551031766995e-06
120	chr10	82732239	+	1	1	65	0.015384615384615384	0.015384615384615384	GTCAA	1	0.003479466063201429
121	chr10	86526896	-	25	4	244	0.10245901639344264	0.016393442622950817	GACTT	1	0.009456214707532471
122	chr10	88579284	+	4	3	93	0.04301075268817205	0.03225806451612903	GACTC	1	0.004624415494257956
123	chr10	88579361	+	5	2	70	0.07142857142857142	0.028571428571428567	ATCTT	1	0.0022144354957293493
124	chr10	88579439	+	3	1	94	0.031914893617021274	0.010638297872340424	GTCAA	1	0.00011244093651210078
125	chr10	90952683	-	35	9	645	0.05426356589147287	0.013953488372093023	AACTT	1	0.0011319117402298685
126	chr10	90985026	-	2	1	73	0.0273972602739726	0.0136986301369863	AACAT	1	0.003846981555840513
127	chr10	90985076	-	5	2	90	0.05555555555555555	0.022222222222222227	TTCAC	1	0.00013541996230990408
128	chr10	90985086	-	1	1	90	0.011111111111111113	0.011111111111111113	GACAT	1	4.500183745731853e-05
129	chr10	96454514	+	17	3	106	0.16037735849056606	0.02830188679245283	GTCTA	1	0.0026047539079695576
130	chr10	111332583	+	5	1	54	0.0925925925925926	0.018518518518518517	AACCT	1	2.2342833797225027e-05
131	chr10	111332586	+	5	1	66	0.07575757575757576	0.015151515151515154	CTCCA	1	0.0001862950812401723
132	chr10	116898786	-	12	4	224	0.05357142857142857	0.017857142857142856	GTCGT	1	0.0017738195898371345
133	chr10	117185065	-	2	1	59	0.03389830508474576	0.01694915254237288	GTCAA	1	0.009663547661908188
134	chr10	117650665	-	3	2	131	0.022900763358778626	0.015267175572519085	AACAA	1	3.489529432644184e-05
135	chr10	117651204	-	8	4	113	0.07079646017699115	0.035398230088495575	AGCGC	1	0.009504312847077952
136	chr10	121232870	+	3	1	95	0.03157894736842105	0.010526315789473684	AACGT	1	0.00031641649335065295
137	chr10	121425631	-	1	1	63	0.015873015873015872	0.015873015873015872	GCCGA	1	0.007179446321301014
138	chr10	121425637	-	4	1	64	0.0625	0.015625	TTCAA	1	0.0011900589944549337
139	chr10	128197097	+	2	2	129	0.015503875968992246	0.015503875968992246	GACTT	1	0.0007763890594310121
140	chr10	128197159	+	6	2	117	0.05128205128205128	0.017094017094017096	GACTT	1	0.001107161035139085
141	chr10	128197551	+	11	4	105	0.10476190476190476	0.0380952380952381	ATCTT	1	0.0003343489008833238
142	chr11	5475387	+	5	2	187	0.026737967914438502	0.0106951871657754	GACTT	1	0.004631604945079369
143	chr11	16921475	-	6	3	157	0.03821656050955414	0.01910828025477707	AACTC	1	0.00011434260027264073
144	chr11	16921565	-	4	2	167	0.023952095808383242	0.011976047904191616	CACGT	1	0.0050783508319726675
145	chr11	16922538	-	8	5	120	0.06666666666666668	0.041666666666666664	ATCTT	1	0.007845736078290358
146	chr11	16922589	-	6	3	111	0.054054054054054064	0.027027027027027032	ATCAC	1	0.002413046078068092
147	chr11	17216751	+	1	1	61	0.016393442622950817	0.016393442622950817	TACAA	1	0.0004986060782914683
148	chr11	17216893	+	1	1	60	0.016666666666666666	0.016666666666666666	ATCAT	1	0.0002911446842967527
149	chr11	17216958	+	5	1	63	0.07936507936507936	0.015873015873015872	AACAT	1	0.0003754812273721862
150	chr11	17217165	+	1	1	63	0.015873015873015872	0.015873015873015872	AACCT	1	0.0005860088440231622
151	chr11	20012534	-	4	3	51	0.0784313725490196	0.05882352941176471	GTCAC	1	0.005752387053971193
152	chr11	20012647	-	3	2	109	0.027522935779816515	0.01834862385321101	TTCGG	1	0.002949903408519703
153	chr11	20013890	-	2	1	69	0.028985507246376805	0.014492753623188406	AACAT	1	0.00017428765210301882
154	chr11	20014018	-	4	2	70	0.057142857142857134	0.028571428571428567	GACTT	1	0.0018178570164052359
155	chr11	20175360	+	38	5	167	0.2275449101796407	0.02994011976047904	CTCTG	1	0.006290079000340733
156	chr11	21507268	-	78	24	289	0.2698961937716263	0.08304498269896192	ATCTA	1	0.001599231299505122
157	chr11	29692450	+	18	4	135	0.13333333333333333	0.02962962962962963	TACTA	1	0.00936019761855155
158	chr11	29692538	+	3	3	147	0.020408163265306117	0.020408163265306117	GACAT	1	2.253897755067188e-05
159	chr11	29692828	+	14	12	160	0.0875	0.075	GACTT	1	0.0001910436299426833
160	chr11	35699240	-	3	2	122	0.024590163934426236	0.016393442622950817	TGCAC	1	0.008490296058787922
161	chr11	35712048	-	3	3	88	0.03409090909090909	0.03409090909090909	ATCTA	1	0.00865308867858702
162	chr11	40630383	+	4	1	91	0.04395604395604396	0.01098901098901099	TTCAT	1	0.0006872145250299713
163	chr11	40630634	+	4	1	96	0.041666666666666664	0.010416666666666666	AACGG	1	0.003599338424672485
164	chr11	50185454	-	3	2	80	0.0375	0.025	GTCTT	1	0.0014117655095081446
165	chr11	50185924	-	7	3	223	0.03139013452914798	0.01345291479820628	AACAC	1	0.006741105964903679
166	chr11	50186771	-	11	4	186	0.05913978494623656	0.021505376344086027	TACAA	1	5.376997126311757e-07
167	chr11	50276961	+	4	1	54	0.07407407407407407	0.018518518518518517	TACGT	1	9.432689974386464e-05
168	chr11	51680145	+	1	1	75	0.013333333333333334	0.013333333333333334	GACAA	1	0.005261391820870725
169	chr11	51680148	+	3	1	75	0.04	0.013333333333333334	AACAG	1	0.0008274943716607981
170	chr11	51682342	+	2	2	81	0.02469135802469136	0.02469135802469136	GACTT	1	0.0002283332861193649
171	chr11	51682644	+	4	3	63	0.06349206349206349	0.047619047619047616	ATCTT	1	0.007723606151835929
172	chr11	51866954	+	8	2	78	0.10256410256410256	0.02564102564102564	CTCTC	1	0.002029214548351742
173	chr11	52137216	+	3	1	79	0.0379746835443038	0.012658227848101266	AACAT	1	0.0021886209210463447
174	chr11	55391393	+	4	1	59	0.06779661016949153	0.01694915254237288	AACAT	1	0.001681781456322976
175	chr11	68942403	+	1	1	53	0.018867924528301886	0.018867924528301886	AACAT	1	0.00017003210991327794
176	chr11	70535042	-	6	1	51	0.1176470588235294	0.0196078431372549	GTCAC	1	0.0050378999817646776
177	chr11	75655987	+	15	5	379	0.0395778364116095	0.013192612137203168	AACTT	1	7.289838848059464e-05
178	chr11	80286444	+	1	1	84	0.011904761904761904	0.011904761904761904	GACAA	1	0.006082271441902128
179	chr11	86586014	-	8	5	112	0.07142857142857142	0.04464285714285714	GTCTA	1	0.00019314110891537162
180	chr11	86595630	-	8	2	63	0.12698412698412698	0.031746031746031744	ATCGT	1	0.001978854390802321
181	chr11	87941326	+	1	1	76	0.013157894736842105	0.013157894736842105	GACAA	1	2.9060581028984386e-05
182	chr11	88101744	+	1	1	74	0.013513513513513514	0.013513513513513514	AACTT	1	0.0010424624073295662
183	chr11	88101785	+	2	1	74	0.027027027027027032	0.013513513513513514	TGCTT	1	0.008565241233347494
184	chr11	97052435	-	4	1	93	0.04301075268817205	0.010752688172043013	AACTT	1	0.00231394494449763
185	chr11	98883809	-	5	3	67	0.07462686567164177	0.04477611940298507	AACTA	1	0.0007251343158075767
186	chr11	98943421	+	6	3	155	0.03870967741935484	0.01935483870967742	GTCTT	1	0.0006575134701223906
187	chr11	106677281	-	8	4	177	0.04519774011299435	0.022598870056497168	AACTT	1	0.0006637607184365327
188	chr11	116740810	-	11	7	276	0.03985507246376811	0.025362318840579712	ATCTT	1	0.0018293095058211973
189	chr11	116741623	-	6	3	275	0.02181818181818182	0.01090909090909091	AACTT	1	0.00955950938397663
190	chr12	3298050	-	2	1	73	0.0273972602739726	0.0136986301369863	GACTT	1	0.0006783465826088031
191	chr12	3298480	-	2	2	56	0.03571428571428571	0.03571428571428571	ATCTT	1	0.0019439856629145094
192	chr12	3299480	-	2	2	73	0.0273972602739726	0.0273972602739726	ATCAT	1	0.005890475485054439
193	chr12	4877243	+	5	4	178	0.02808988764044944	0.02247191011235955	AACTT	1	1.1966988532382645e-05
194	chr12	13287798	-	4	2	63	0.06349206349206349	0.031746031746031744	ATCTT	1	0.0017664538646842496
195	chr12	28731724	+	12	1	94	0.1276595744680851	0.010638297872340424	AACAG	1	0.0010502601937477118
196	chr12	31381914	-	7	3	130	0.05384615384615385	0.02307692307692308	TTCAC	1	0.007288897685704849
197	chr12	31381930	-	17	5	123	0.13821138211382114	0.04065040650406504	GTCTA	1	0.008331970583710102
198	chr12	31382134	-	6	2	115	0.052173913043478265	0.017391304347826087	AACAT	1	0.003494782836202817
199	chr12	31645389	-	6	2	120	0.05	0.016666666666666666	GTCTT	1	0.0010815012254647416
200	chr12	31646149	-	25	2	110	0.2272727272727273	0.01818181818181818	TACCA	1	0.00023481280642302402
201	chr12	32900740	+	2	1	81	0.02469135802469136	0.012345679012345678	AACAC	1	0.0030510512746310513
202	chr12	32900839	+	8	1	84	0.09523809523809523	0.011904761904761904	AACAA	1	0.00023708977434214296
203	chr12	32900851	+	1	1	93	0.010752688172043013	0.010752688172043013	AACTT	1	0.0002568451283232042
204	chr12	32900899	+	5	1	86	0.05813953488372092	0.011627906976744186	TACCA	1	0.0003291805803539368
205	chr12	32901501	+	3	1	57	0.05263157894736842	0.017543859649122806	GTCTT	1	0.0033741242532150965
206	chr12	33026009	+	7	1	74	0.0945945945945946	0.013513513513513514	AACTT	1	0.00028777712568888223
207	chr12	33026227	+	6	4	86	0.06976744186046513	0.04651162790697674	GACTG	1	4.473505764620364e-07
208	chr12	33026267	+	6	1	88	0.06818181818181818	0.011363636363636364	TGCTG	1	0.004315814060131359
209	chr12	33026295	+	9	3	78	0.1153846153846154	0.038461538461538464	GTCTT	1	0.0008042214894276702
210	chr12	33026468	+	1	1	91	0.01098901098901099	0.01098901098901099	TTCAT	1	0.0017955027259894344
211	chr12	33026569	+	3	1	92	0.03260869565217391	0.010869565217391304	GTCAA	1	0.0003342935848329743
212	chr12	33026749	+	4	1	89	0.0449438202247191	0.011235955056179777	TACAT	1	0.006285740802410431
213	chr12	37631719	+	4	1	71	0.056338028169014086	0.014084507042253518	CTCTC	1	8.716633638243387e-05
214	chr12	37632057	+	2	1	91	0.02197802197802198	0.01098901098901099	TACAA	1	0.004047667675759621
215	chr12	55536680	-	3	1	71	0.04225352112676056	0.014084507042253518	GACTT	1	0.002647227155943288
216	chr12	59090001	-	3	1	54	0.05555555555555555	0.018518518518518517	GTCGA	1	0.0009878205663417924
217	chr12	76364445	+	1	1	52	0.019230769230769232	0.019230769230769232	AACGG	1	0.0002824666833024053
218	chr12	78889779	-	2	1	56	0.03571428571428571	0.017857142857142856	AACAG	1	0.0002172037399747792
219	chr12	78889985	-	3	1	54	0.05555555555555555	0.018518518518518517	AACTT	1	0.00010783507743943586
220	chr12	78913423	+	3	1	76	0.03947368421052632	0.013157894736842105	AACAT	1	0.00039864737953467487
221	chr12	78926737	+	3	3	81	0.037037037037037035	0.037037037037037035	ATCTT	1	0.002581843422172949
222	chr12	84803242	-	2	2	75	0.02666666666666667	0.02666666666666667	AACGG	1	0.005855270283148255
223	chr12	85862624	-	3	1	63	0.047619047619047616	0.015873015873015872	TACTC	1	0.0013796525280877776
224	chr12	105804954	+	2	1	63	0.031746031746031744	0.015873015873015872	AACGT	1	0.003053927271411841
225	chr12	110661598	-	2	1	83	0.024096385542168683	0.012048192771084338	TACTC	1	0.007556487630398055
226	chr12	110824531	-	1	1	70	0.014285714285714284	0.014285714285714284	AACTT	1	0.0003784432444228853
227	chr12	110824690	-	16	4	59	0.2711864406779661	0.06779661016949153	ATCTA	1	0.00014361096818185054
228	chr12	111420249	+	2	1	53	0.03773584905660377	0.018867924528301886	TTCAT	1	0.002010696042343986
229	chr12	111512371	+	3	1	79	0.0379746835443038	0.012658227848101266	GTCTT	1	0.006189368598379777
230	chr12	111512988	+	2	1	98	0.020408163265306117	0.010204081632653059	AACAG	1	0.002574085704286578
231	chr12	112607640	+	5	2	65	0.07692307692307693	0.030769230769230767	CACTG	1	0.00036744710145328985
232	chr12	112620279	-	3	3	145	0.0206896551724138	0.0206896551724138	TTCAA	1	0.005775806331657603
233	chr12	112620331	-	13	3	125	0.104	0.024	AACAT	1	0.00438742884623596
234	chr13	3615143	+	15	9	276	0.05434782608695652	0.03260869565217391	AACAG	1	0.0014482757124371815
235	chr13	3615176	+	14	6	283	0.04946996466431095	0.02120141342756184	AACTT	1	1.580620634327603e-05
236	chr13	9022846	-	5	1	51	0.09803921568627452	0.0196078431372549	GTCAC	1	0.0011989958102555426
237	chr13	24986902	+	2	1	98	0.020408163265306117	0.010204081632653059	CTCAA	1	0.006177395203881689
238	chr13	24996879	+	4	2	150	0.02666666666666667	0.013333333333333334	AACTT	1	0.003773139403703798
239	chr13	24997747	+	6	2	136	0.04411764705882353	0.014705882352941175	AGCTT	1	0.0014606718366907427
240	chr13	32003632	-	4	2	92	0.043478260869565216	0.021739130434782608	AACTT	1	0.00031394047419366406
241	chr13	32284452	-	4	1	78	0.05128205128205128	0.01282051282051282	TACTC	1	0.007106287384110248
242	chr13	32411210	-	3	1	81	0.037037037037037035	0.012345679012345678	CTCAT	1	0.0011177979714060335
243	chr13	38162878	-	3	2	153	0.0196078431372549	0.013071895424836602	GACAT	1	3.086983887011746e-05
244	chr13	38162882	-	5	2	152	0.03289473684210526	0.013157894736842105	AACAG	1	0.00022300069369744283
245	chr13	41166386	+	3	1	63	0.047619047619047616	0.015873015873015872	AACGT	1	3.078875951928179e-05
246	chr13	47238806	-	3	1	98	0.030612244897959183	0.010204081632653059	GTCAT	1	0.0005578544764901856
247	chr13	47239196	-	12	8	76	0.15789473684210525	0.10526315789473684	GACTA	1	0.000318206950265509
248	chr13	47239238	-	3	1	78	0.038461538461538464	0.01282051282051282	ATCAA	1	0.008649589184284491
249	chr13	47239251	-	8	4	78	0.10256410256410256	0.05128205128205128	GACAT	1	0.00032844386624666846
250	chr13	47239258	-	4	1	76	0.05263157894736842	0.013157894736842105	TGCTT	1	0.006456790557562026
251	chr13	49033311	-	13	3	93	0.13978494623655913	0.03225806451612903	ATCTT	1	0.002843111614155536
252	chr13	49033458	-	7	1	97	0.07216494845360824	0.010309278350515464	TTCAT	1	0.0006501118378282375
253	chr13	49033842	-	7	1	63	0.1111111111111111	0.015873015873015872	TTCAC	1	0.0007313565862131192
254	chr13	49033979	-	7	1	83	0.08433734939759037	0.012048192771084338	GACAA	1	0.007803488852310562
255	chr13	49034115	-	2	1	74	0.027027027027027032	0.013513513513513514	AACAC	1	1.010815154264133e-06
256	chr13	49887162	+	2	1	51	0.0392156862745098	0.0196078431372549	GACTT	1	0.0003911065667553193
257	chr13	54261182	+	1	1	78	0.01282051282051282	0.01282051282051282	ACCAT	1	0.003156155128104666
258	chr13	56221544	-	8	2	117	0.06837606837606837	0.017094017094017096	AACGA	1	1.2205546701774287e-05
259	chr13	56221857	-	4	2	109	0.03669724770642202	0.01834862385321101	TACAA	1	4.1585936669296036e-05
260	chr13	58274469	-	3	1	53	0.05660377358490566	0.018867924528301886	GACAT	1	0.00033821064667481334
261	chr13	58539267	-	18	3	186	0.0967741935483871	0.016129032258064516	AACTT	1	2.9165979261143152e-05
262	chr13	58539305	-	8	2	189	0.042328042328042326	0.01058201058201058	GACTT	1	0.001634727678081565
263	chr13	58539545	-	8	2	176	0.045454545454545456	0.011363636363636364	TGCTT	1	0.006007736078512291
264	chr13	73759787	+	2	1	81	0.02469135802469136	0.012345679012345678	GACAC	1	0.005792765727475489
265	chr13	74451720	-	4	1	97	0.041237113402061855	0.010309278350515464	AACTT	1	0.001528832970265165
266	chr13	74451779	-	4	3	103	0.03883495145631068	0.029126213592233014	GTCTC	1	0.001135475840873515
267	chr13	74470947	-	1	1	99	0.010101010101010102	0.010101010101010102	ACCAT	1	0.0063080745396176426
268	chr13	74485657	-	6	3	61	0.09836065573770493	0.04918032786885247	GTCTC	1	0.008287348853799543
269	chr13	94979239	+	5	1	84	0.05952380952380953	0.011904761904761904	GACAT	1	0.0044659323306393455
270	chr13	94979377	+	2	1	83	0.024096385542168683	0.012048192771084338	AACTT	1	3.79558862361693e-05
271	chr13	94979404	+	2	2	61	0.032786885245901634	0.032786885245901634	ATCTA	1	6.033027456510897e-05
272	chr13	100792470	+	2	1	86	0.02325581395348837	0.011627906976744186	TGCTT	1	0.007903688739890797
273	chr13	120169364	+	1	1	73	0.0136986301369863	0.0136986301369863	AACAT	1	0.0005810868395732438
274	chr13	120169593	+	7	3	78	0.08974358974358974	0.038461538461538464	AACTT	1	0.0003315714119973181
275	chr14	8518507	+	8	1	54	0.14814814814814814	0.018518518518518517	GACGC	1	0.0093084141899458
276	chr14	14303617	+	8	2	84	0.09523809523809523	0.023809523809523808	TACTC	1	0.006189241555314354
277	chr14	21498347	+	2	1	57	0.03508771929824561	0.017543859649122806	GACTT	1	4.8493847451040946e-05
278	chr14	21498588	+	15	3	58	0.25862068965517243	0.05172413793103448	TACTG	1	0.0005617543813777387
279	chr14	29696644	+	6	2	108	0.05555555555555555	0.018518518518518517	GTCTC	1	4.915083696574754e-05
280	chr14	30734445	-	3	3	106	0.02830188679245283	0.02830188679245283	ATCTT	1	0.0004572972112504888
281	chr14	30738792	-	1	1	77	0.012987012987012988	0.012987012987012988	AACTT	1	0.0030583400775199307
282	chr14	45586241	+	1	1	79	0.012658227848101266	0.012658227848101266	GGCAA	1	0.0070929121531303095
283	chr14	47013317	-	6	1	93	0.06451612903225806	0.010752688172043013	AGCTA	1	0.0058829489960851656
284	chr14	47013592	-	9	4	87	0.10344827586206896	0.04597701149425287	ATCTA	1	0.003764454404988175
285	chr14	47013821	-	9	1	80	0.1125	0.0125	TGCTT	1	0.001575226950459962
286	chr14	47013854	-	2	1	74	0.027027027027027032	0.013513513513513514	GACTT	1	1.872016155774591e-05
287	chr14	51342827	+	4	3	78	0.05128205128205128	0.038461538461538464	TACTC	1	0.002308314467430484
288	chr14	51343444	+	10	2	101	0.099009900990099	0.0198019801980198	AACAT	1	0.0004681459097362458
289	chr14	54606027	+	5	1	93	0.053763440860215055	0.010752688172043013	TACAG	1	5.7368717820781456e-05
290	chr14	63380501	+	37	14	1105	0.0334841628959276	0.012669683257918552	AACTT	1	0.0008214519649455262
291	chr14	66548214	+	14	7	58	0.2413793103448276	0.1206896551724138	AACTC	1	1.9842720750168838e-05
292	chr14	66548233	+	2	1	71	0.028169014084507043	0.014084507042253518	TTCAA	1	0.0063250386003774655
293	chr14	88360615	-	34	14	665	0.05112781954887218	0.021052631578947368	GTCTT	1	0.009053562378585263
294	chr14	103314731	+	1	1	51	0.0196078431372549	0.0196078431372549	CACTA	1	0.0003483260964164234
295	chr14	122396341	+	1	1	60	0.016666666666666666	0.016666666666666666	TTCAG	1	0.003714197829095254
296	chr14	122396392	+	6	4	63	0.09523809523809523	0.06349206349206349	TACGA	1	1.1869787217738038e-05
297	chr14	122396532	+	12	3	58	0.206896551724138	0.05172413793103448	AACTT	1	3.954628635447881e-06
298	chr14	122396651	+	2	2	66	0.030303030303030307	0.030303030303030307	GACTT	1	0.0005326064945286213
299	chr15	4183636	+	16	9	141	0.11347517730496455	0.06382978723404255	GACTA	1	6.77440724536628e-05
300	chr15	4184754	+	7	2	148	0.0472972972972973	0.013513513513513514	AACTT	1	0.003183345868692756
301	chr15	11984266	-	9	5	96	0.09375	0.052083333333333336	GTCTT	1	0.0003200580870692512
302	chr15	34140897	+	2	1	70	0.028571428571428567	0.014285714285714284	GACGG	1	0.008282277472448639
303	chr15	34140986	+	7	2	74	0.0945945945945946	0.027027027027027032	AACAT	1	3.1230610502219644e-05
304	chr15	34141032	+	4	3	75	0.05333333333333334	0.04	AACTG	1	0.0036781661183594642
305	chr15	34276375	+	5	1	67	0.07462686567164177	0.01492537313432836	CACTT	1	0.0013151623593338135
306	chr15	34284256	+	2	1	81	0.02469135802469136	0.012345679012345678	ATCAT	1	0.005023094146993098
307	chr15	36771890	-	1	1	75	0.013333333333333334	0.013333333333333334	GACTT	1	0.0015802325313985285
308	chr15	36772038	-	4	2	119	0.03361344537815126	0.01680672268907563	GTCTT	1	0.006544097297942267
309	chr15	36999423	-	4	1	52	0.07692307692307693	0.019230769230769232	GTCTT	1	0.006583732463597442
310	chr15	38692216	+	6	4	80	0.075	0.05	ATCAT	1	0.0061691647640128005
311	chr15	38692624	+	2	1	55	0.03636363636363636	0.01818181818181818	GACAC	1	0.0007779941240393628
312	chr15	43126711	-	7	4	257	0.02723735408560312	0.01556420233463035	GACAA	1	0.0017654909383587804
313	chr15	43141779	-	13	4	158	0.08227848101265822	0.02531645569620253	ATCTT	1	0.006261413417417996
314	chr15	51826046	-	9	2	71	0.1267605633802817	0.028169014084507043	TGCTA	1	0.0007951722351821904
315	chr15	51826543	-	4	3	76	0.05263157894736842	0.03947368421052632	AACTA	1	0.00015064336813768914
316	chr15	51827113	-	3	2	63	0.047619047619047616	0.031746031746031744	TACTA	1	0.0003451672191494546
317	chr15	57734040	-	2	2	68	0.029411764705882363	0.029411764705882363	ATCTT	1	0.0039326206055012285
318	chr15	57735025	-	6	1	73	0.0821917808219178	0.0136986301369863	CACAT	1	0.006652183679893615
319	chr15	57735027	-	2	1	74	0.027027027027027032	0.013513513513513514	GACAC	1	0.0044871226489923395
320	chr15	63803303	-	2	1	61	0.032786885245901634	0.016393442622950817	GACTT	1	0.00026093077541240934
321	chr15	77799451	-	5	2	136	0.036764705882352935	0.014705882352941175	CTCTC	1	0.001411255757728917
322	chr15	79556526	+	3	1	89	0.033707865168539325	0.011235955056179777	AACTT	1	0.00010766815281452205
323	chr15	80853317	+	6	2	63	0.09523809523809523	0.031746031746031744	ATCTT	1	0.0005913125422745164
324	chr15	81799266	+	5	1	79	0.06329113924050632	0.012658227848101266	TTCAC	1	0.0026883529962482113
325	chr15	81926199	-	4	3	151	0.026490066225165563	0.019867549668874173	TGCGT	1	4.089165065974489e-05
326	chr15	82088833	+	2	2	53	0.03773584905660377	0.03773584905660377	GTCGG	1	0.000563400128340538
327	chr15	96585535	-	13	3	100	0.13	0.03	AACTT	1	0.001956926540460978
328	chr15	96585676	-	3	2	104	0.02884615384615385	0.019230769230769232	TGCAT	1	0.008658808391570945
329	chr15	96586523	-	3	2	70	0.042857142857142864	0.028571428571428567	GTCTA	1	0.004006465122368711
330	chr15	96587562	-	1	1	51	0.0196078431372549	0.0196078431372549	TACAC	1	0.00010408780438188809
331	chr15	98935933	+	16	6	325	0.04923076923076923	0.018461538461538463	GTCTT	1	0.002351302402325854
332	chr15	99299515	+	11	3	146	0.07534246575342465	0.02054794520547945	AACTT	1	0.0006210590271476644
333	chr15	100518425	+	7	3	242	0.028925619834710745	0.012396694214876032	TTCCG	1	0.00010708516606142692
334	chr15	100518597	+	18	6	247	0.0728744939271255	0.024291497975708502	GACTA	1	2.054764949370376e-05
335	chr15	102004623	+	15	2	165	0.09090909090909093	0.01212121212121212	CACTC	1	0.004308259684650464
336	chr15	103152978	+	5	3	244	0.020491803278688527	0.012295081967213116	ATCAT	1	0.003651314562813728
337	chr15	103153358	+	16	4	202	0.07920792079207921	0.0198019801980198	TACTC	1	6.809616174615914e-05
338	chr15	103153367	+	16	4	211	0.07582938388625593	0.018957345971563986	AACGA	1	0.0005408758037695607
339	chr15	103208143	+	3	1	81	0.037037037037037035	0.012345679012345678	GACTT	1	0.007245600216153126
340	chr16	10777430	-	15	2	122	0.12295081967213115	0.016393442622950817	TACAT	1	0.001244783352400057
341	chr16	16863040	+	3	1	59	0.05084745762711865	0.01694915254237288	GACAT	1	5.742409361871314e-06
342	chr16	16970858	-	1	1	77	0.012987012987012988	0.012987012987012988	AGCTT	1	0.0005425358583777345
343	chr16	16971763	-	4	1	54	0.07407407407407407	0.018518518518518517	ATCAC	1	0.005266873067433014
344	chr16	19994903	-	1	1	62	0.016129032258064516	0.016129032258064516	GTCTT	1	0.0042229553235179264
345	chr16	20502283	+	4	1	77	0.05194805194805195	0.012987012987012988	AACAG	1	0.002573814019099701
346	chr16	32450792	+	4	2	86	0.04651162790697674	0.02325581395348837	GACAA	1	0.00015652957914488697
347	chr16	32450868	+	5	2	88	0.05681818181818181	0.022727272727272728	TTCAT	1	0.001522077313359616
348	chr16	32451261	+	5	1	92	0.05434782608695652	0.010869565217391304	TACAT	1	0.003827154093701019
349	chr16	32451429	+	10	2	59	0.1694915254237288	0.03389830508474576	ATCTT	1	0.00107537864006594
350	chr16	43907131	-	3	2	185	0.016216216216216217	0.010810810810810813	AACTT	1	0.0028217676981897497
351	chr16	43980319	+	8	2	71	0.11267605633802814	0.028169014084507043	AACAA	1	0.00044931746126948
352	chr16	43980381	+	1	1	61	0.016393442622950817	0.016393442622950817	GACAA	1	0.0027684895216429158
353	chr16	43981238	+	1	1	54	0.018518518518518517	0.018518518518518517	AACAA	1	0.00045523958506332675
354	chr16	43982256	+	2	1	82	0.024390243902439025	0.012195121951219513	TACAT	1	0.002619260863276677
355	chr16	56510727	-	1	1	59	0.01694915254237288	0.01694915254237288	AACAT	1	0.0007195385753928738
356	chr16	56958449	+	7	1	75	0.09333333333333334	0.013333333333333334	TTCAC	1	0.0020635412197402268
357	chr16	65336168	-	4	1	52	0.07692307692307693	0.019230769230769232	AACTT	1	4.072103685089535e-05
358	chr16	87283541	-	20	3	236	0.0847457627118644	0.012711864406779662	CTCAA	1	0.007076574483383466
359	chr17	5981304	+	3	3	60	0.05	0.05	ATCTT	1	0.0004303565273865784
360	chr17	8360443	-	4	2	92	0.043478260869565216	0.021739130434782608	AACTT	1	0.006611844362862222
361	chr17	13130391	-	2	1	77	0.025974025974025976	0.012987012987012988	AACTT	1	0.001106804207387576
362	chr17	24043773	-	1	1	62	0.016129032258064516	0.016129032258064516	GACTT	1	0.002519597940590667
363	chr17	29260359	+	13	7	285	0.0456140350877193	0.02456140350877193	GCCGA	1	0.005413214381814069
364	chr17	29260531	+	15	8	276	0.05434782608695652	0.028985507246376805	AACAG	1	0.0004870216465250134
365	chr17	29261021	+	11	3	292	0.03767123287671234	0.010273972602739724	GTCAT	1	0.001614083258561206
366	chr17	35169244	-	9	4	164	0.054878048780487805	0.024390243902439025	AACGA	1	0.0018704558182553648
367	chr17	35169294	-	16	4	167	0.09580838323353294	0.023952095808383242	AACTT	1	0.0011732816638823462
368	chr17	36186454	+	7	1	75	0.09333333333333334	0.013333333333333334	AACTT	1	0.0011366954591652768
369	chr17	71965465	+	9	1	68	0.1323529411764706	0.014705882352941175	TGCTA	1	0.005098130162957164
370	chr17	71965524	+	4	1	63	0.06349206349206349	0.015873015873015872	AACAT	1	6.3069276825743925e-06
371	chr17	71965953	+	7	2	73	0.0958904109589041	0.0273972602739726	GTCTA	1	0.00842680903267223
372	chr17	74507767	-	9	2	147	0.061224489795918366	0.013605442176870748	GACAA	1	0.004715305704510815
373	chr17	74508023	-	7	4	134	0.05223880597014925	0.02985074626865672	CTCAT	1	0.0036397084544839203
374	chr17	74509326	-	5	5	124	0.04032258064516129	0.04032258064516129	ATCTT	1	0.0005104137974538956
375	chr17	74606527	-	5	2	95	0.05263157894736842	0.021052631578947368	GTCTT	1	0.00012125644115208609
376	chr17	74806085	+	2	1	65	0.030769230769230767	0.015384615384615384	TCCTT	1	0.0007440696118600188
377	chr17	74806269	+	4	1	65	0.061538461538461535	0.015384615384615384	TGCAG	1	1.7073436914608402e-05
378	chr17	75834172	+	1	1	74	0.013513513513513514	0.013513513513513514	AACTT	1	7.540271459369491e-05
379	chr17	75834617	+	10	1	76	0.13157894736842105	0.013157894736842105	ATCAA	1	0.006550581481113188
380	chr17	75834737	+	2	1	87	0.02298850574712644	0.011494252873563218	TGCAA	1	0.0003535638317638502
381	chr17	75835326	+	5	1	87	0.05747126436781608	0.011494252873563218	TACAT	1	0.002258463111281097
382	chr17	80337827	-	4	2	70	0.057142857142857134	0.028571428571428567	GTCTA	1	0.002978230867284627
383	chr17	80337841	-	12	5	71	0.16901408450704225	0.07042253521126761	ATCTA	1	0.004218972481833433
384	chr17	80342770	-	1	1	64	0.015625	0.015625	GACTT	1	0.0001420258316871965
385	chr17	87741387	-	12	3	266	0.045112781954887216	0.011278195488721804	AACTT	1	0.00825920264116824
386	chr18	9840296	+	3	2	73	0.0410958904109589	0.0273972602739726	TTCGA	1	0.003015621670640171
387	chr18	9877848	+	6	3	200	0.03	0.015	AACTT	1	8.80256856239091e-06
388	chr18	9995886	-	9	3	96	0.09375	0.03125	TCCTT	1	0.005445347648046457
389	chr18	10004949	-	3	1	92	0.03260869565217391	0.010869565217391304	AACTT	1	0.0065018619408757404
390	chr18	35071227	-	13	6	250	0.052000000000000005	0.024	AACTT	1	3.6850096513218253e-06
391	chr18	35716951	+	6	1	60	0.1	0.016666666666666666	GACTT	1	0.005625198710195066
392	chr18	35723513	+	2	1	95	0.021052631578947368	0.010526315789473684	AACGA	1	0.00011508225621419016
393	chr18	35723692	+	11	2	99	0.1111111111111111	0.020202020202020204	AACAG	1	0.009222456370740798
394	chr18	35723892	+	13	1	73	0.1780821917808219	0.0136986301369863	CACAT	1	0.00239965883066742
395	chr18	35723927	+	2	1	91	0.02197802197802198	0.01098901098901099	GACTT	1	0.001773421486213514
396	chr18	35723973	+	3	1	90	0.03333333333333333	0.011111111111111113	TTCAT	1	0.009324336003597208
397	chr18	36899816	-	1	1	64	0.015625	0.015625	AACAG	1	0.0015984284093747483
398	chr18	38460652	-	5	1	71	0.07042253521126761	0.014084507042253518	GACTT	1	7.430360909046991e-05
399	chr18	38597529	+	3	2	58	0.05172413793103448	0.03448275862068965	ATCAT	1	0.007693057460208092
400	chr18	38597564	+	4	4	63	0.06349206349206349	0.06349206349206349	ATCAA	1	0.0016115426899236725
401	chr18	38597611	+	3	1	61	0.04918032786885247	0.016393442622950817	GTCAT	1	0.002590798172224653
402	chr18	38598205	+	3	1	71	0.04225352112676056	0.014084507042253518	TACAA	1	4.1297250402339944e-05
403	chr18	40338504	-	1	1	54	0.018518518518518517	0.018518518518518517	TGCTT	1	0.007063717537073102
404	chr18	42335428	-	1	1	56	0.017857142857142856	0.017857142857142856	AACTT	1	0.00016956139071289881
405	chr18	42335436	-	8	4	60	0.13333333333333333	0.06666666666666668	ATCTA	1	0.00019180291775016008
406	chr18	46719418	-	3	1	91	0.03296703296703297	0.01098901098901099	TACAC	1	0.004518366143476516
407	chr18	46719490	-	5	2	84	0.05952380952380953	0.023809523809523808	GACTC	1	0.00013638185273465907
408	chr18	46720594	-	8	4	52	0.15384615384615385	0.07692307692307693	GTCTA	1	0.0076601170237570095
409	chr18	46741186	+	1	1	93	0.010752688172043013	0.010752688172043013	GACAT	1	0.0065946873108217036
410	chr18	46741849	+	11	8	86	0.12790697674418605	0.09302325581395347	ATCTT	1	0.00422367699237112
411	chr18	46891117	+	1	1	67	0.01492537313432836	0.01492537313432836	AACAC	1	0.007864115032143093
412	chr18	46923298	+	2	1	90	0.022222222222222227	0.011111111111111113	CCCGT	1	0.0028420682712243838
413	chr18	46923497	+	1	1	95	0.010526315789473684	0.010526315789473684	CACAA	1	0.0008781388911383629
414	chr18	61708486	+	1	1	57	0.017543859649122806	0.017543859649122806	TTCCT	1	0.0001638402668657356
415	chr18	61708487	+	1	1	58	0.017241379310344827	0.017241379310344827	TCCTT	1	0.0006752138932804656
416	chr18	61721250	+	4	2	82	0.04878048780487805	0.024390243902439025	AACAT	1	0.0007190165062258118
417	chr18	61721290	+	1	1	78	0.01282051282051282	0.01282051282051282	AACAT	1	0.00025254192830327134
418	chr18	63797291	-	5	4	121	0.04132231404958678	0.033057851239669415	ATCTT	1	0.002661158376297416
419	chr18	63804744	-	7	3	141	0.04964539007092199	0.02127659574468085	GTCTA	1	0.009450844004811422
420	chr18	63807129	-	4	3	115	0.034782608695652174	0.02608695652173913	AACAG	1	0.0007804340173999664
421	chr18	64633145	-	10	3	89	0.11235955056179776	0.033707865168539325	TTCAC	1	0.0025597601297899907
422	chr18	64633324	-	4	2	131	0.03053435114503817	0.015267175572519085	ATCAT	1	0.0003158318078328776
423	chr18	77870338	+	32	8	389	0.08226221079691516	0.02056555269922879	CACGA	1	0.0018179747650719786
424	chr19	6426521	+	3	2	64	0.046875	0.03125	ATCTT	1	6.891552896285997e-07
425	chr19	6426545	+	5	4	62	0.08064516129032258	0.06451612903225806	ATCTT	1	0.002775689523794529
426	chr19	12441502	+	2	1	94	0.02127659574468085	0.010638297872340424	AACAG	1	0.0007127013143174705
427	chr19	12442053	+	23	2	110	0.20909090909090908	0.01818181818181818	AACAC	1	0.009058143583441406
428	chr19	12442550	+	1	1	86	0.011627906976744186	0.011627906976744186	AACTT	1	0.0005412987794403201
429	chr19	12810923	+	6	2	88	0.06818181818181818	0.022727272727272728	ATCAA	1	0.0030331658550791555
430	chr19	20350920	-	6	3	90	0.06666666666666668	0.03333333333333333	TACAA	1	9.185635915203693e-06
431	chr19	20359501	-	1	1	83	0.012048192771084338	0.012048192771084338	GACTT	1	0.00019265908336118276
432	chr19	34472519	-	11	2	166	0.06626506024096386	0.012048192771084338	ACCGT	1	0.004187182918053071
433	chr19	34472520	-	6	2	178	0.033707865168539325	0.011235955056179777	TACCG	1	0.0001162598553770554
434	chr19	41229144	-	9	1	58	0.15517241379310345	0.017241379310344827	TTCAC	1	6.825984158689806e-07
435	chr19	43488259	-	2	1	84	0.023809523809523808	0.011904761904761904	CACAT	1	0.00040428091404810367
436	chr19	44295251	+	14	4	225	0.06222222222222223	0.017777777777777778	TACTC	1	0.005473249551206257
437	chr19	55261271	+	3	1	81	0.037037037037037035	0.012345679012345678	GACGT	1	0.0019130409764644663
438	chr19	60859867	-	10	2	60	0.16666666666666666	0.03333333333333333	CCCTT	1	0.0009060341454721217
439	chr2	4943499	+	6	4	57	0.10526315789473684	0.07017543859649122	AACTA	1	0.0008652679773948668
440	chr2	5799498	-	2	1	53	0.03773584905660377	0.018867924528301886	AACAT	1	7.553080117579753e-05
441	chr2	18847901	-	4	1	52	0.07692307692307693	0.019230769230769232	AACTC	1	2.7171270930836184e-06
442	chr2	28120512	+	5	2	152	0.03289473684210526	0.013157894736842105	GACAT	1	0.0037214968467228827
443	chr2	28120700	+	14	2	110	0.12727272727272726	0.01818181818181818	AACTT	1	0.004019916407290772
444	chr2	29961192	+	28	12	294	0.09523809523809523	0.040816326530612235	GTCTA	1	0.0013440412740147476
445	chr2	29962364	+	6	3	171	0.03508771929824561	0.017543859649122806	TTCAA	1	0.007584766811448491
446	chr2	35070964	-	1	1	73	0.0136986301369863	0.0136986301369863	GACAT	1	0.0032870559212861915
447	chr2	35071185	-	2	1	70	0.028571428571428567	0.014285714285714284	CACAT	1	0.0005776418678806175
448	chr2	35926387	-	7	2	131	0.05343511450381679	0.015267175572519085	GACTT	1	9.357596409766883e-05
449	chr2	69696632	+	3	1	67	0.04477611940298507	0.01492537313432836	TTCAA	1	0.005449912276287987
450	chr2	69701827	+	4	3	104	0.038461538461538464	0.02884615384615385	GACTT	1	3.8525797318198106e-05
451	chr2	71252057	+	2	1	55	0.03636363636363636	0.01818181818181818	TTCAT	1	0.004040908999565095
452	chr2	71731918	+	1	1	52	0.019230769230769232	0.019230769230769232	GACAT	1	0.004756776762801735
453	chr2	72923772	-	6	3	89	0.06741573033707865	0.033707865168539325	TACTA	1	0.006027774848497785
454	chr2	72923864	-	4	2	115	0.034782608695652174	0.017391304347826087	GACAA	1	0.0006813104008485526
455	chr2	72930424	-	2	1	98	0.020408163265306117	0.010204081632653059	GACAC	1	0.0033333012148970558
456	chr2	75506060	-	1	1	86	0.011627906976744186	0.011627906976744186	TACAG	1	7.146971851001009e-05
457	chr2	75506127	-	2	1	85	0.023529411764705882	0.011764705882352941	TTCAT	1	0.0004103222486011457
458	chr2	78750479	+	4	1	57	0.07017543859649122	0.017543859649122806	TACGG	1	0.00223341965900165
459	chr2	78750576	+	2	1	60	0.03333333333333333	0.016666666666666666	AACTT	1	0.0012690078388499573
460	chr2	78750716	+	2	2	61	0.032786885245901634	0.032786885245901634	TTCAT	1	0.00012410598088046431
461	chr2	78750767	+	3	1	61	0.04918032786885247	0.016393442622950817	GTCAT	1	0.008826030069048666
462	chr2	79161464	+	4	3	129	0.03100775193798449	0.02325581395348837	GACTT	1	0.0012422171188443607
463	chr2	79161677	+	10	3	120	0.08333333333333333	0.025	ATCTT	1	0.0004455388973827263
464	chr2	79162045	+	10	4	162	0.061728395061728385	0.02469135802469136	GACTT	1	0.0031852066007256605
465	chr2	79162074	+	24	20	133	0.18045112781954886	0.15037593984962405	ATCTT	1	0.0004104498596764192
466	chr2	83492519	+	2	1	60	0.03333333333333333	0.016666666666666666	GACAT	1	0.001640736358522058
467	chr2	94242379	-	6	2	85	0.07058823529411765	0.023529411764705882	GACTA	1	0.0020027239548080595
468	chr2	94242829	-	8	1	69	0.11594202898550725	0.014492753623188406	TTCAC	1	0.0022452565774639817
469	chr2	94243207	-	5	1	67	0.07462686567164177	0.01492537313432836	AACTT	1	0.00017160908990226603
470	chr2	103284530	-	2	1	71	0.028169014084507043	0.014084507042253518	AACTT	1	0.002910821819765493
471	chr2	103284605	-	4	1	65	0.061538461538461535	0.015384615384615384	CACTC	1	9.434873557440148e-05
472	chr2	103595533	-	7	2	163	0.04294478527607362	0.012269938650306749	TACTC	1	0.005189260051659196
473	chr2	112193502	-	5	3	90	0.05555555555555555	0.03333333333333333	GACTG	1	0.0011138662038365458
474	chr2	112297690	+	4	1	84	0.047619047619047616	0.011904761904761904	GTCAC	1	0.0028730598828137803
475	chr2	112297692	+	10	3	92	0.10869565217391304	0.03260869565217391	CACTG	1	0.0007449755977784365
476	chr2	117008955	+	2	1	78	0.02564102564102564	0.01282051282051282	GACAT	1	0.0017062408751145534
477	chr2	117009056	+	6	2	77	0.07792207792207792	0.025974025974025976	AACGT	1	0.006566993904382112
478	chr2	117009174	+	3	2	87	0.03448275862068965	0.02298850574712644	GCCTT	1	0.0022084174581444094
479	chr2	117009379	+	6	1	83	0.07228915662650602	0.012048192771084338	AACGT	1	0.00519396044322748
480	chr2	117009504	+	3	1	72	0.041666666666666664	0.013888888888888888	TACTC	1	0.00019850467058429104
481	chr2	117010006	+	2	1	75	0.02666666666666667	0.013333333333333334	AACAA	1	0.0003140162966866062
482	chr2	117010092	+	6	2	68	0.08823529411764706	0.029411764705882363	AACAT	1	0.000502933410367367
483	chr2	119416481	+	6	3	54	0.1111111111111111	0.05555555555555555	TTCTA	1	0.002584915595035677
484	chr2	119417486	+	2	1	67	0.02985074626865672	0.01492537313432836	ATCAA	1	0.0022302569213400432
485	chr2	121983221	+	254	9	851	0.2984723854289072	0.010575793184488836	TACAC	1	0.00441884749970999
486	chr2	121983352	+	48	15	786	0.06106870229007633	0.019083969465648856	AACAA	1	0.0003496671256212652
487	chr2	121983428	+	31	5	348	0.08908045977011493	0.014367816091954025	AACAT	1	0.0008881295611180159
488	chr2	125099577	+	2	1	76	0.02631578947368421	0.013157894736842105	TTCCA	1	0.0008002895702654725
489	chr2	125099642	+	1	1	58	0.017241379310344827	0.017241379310344827	GTCTT	1	6.974711188525081e-06
490	chr2	125516004	+	3	3	99	0.030303030303030307	0.030303030303030307	TTCGA	1	0.007323669159945857
491	chr2	125516035	+	4	1	64	0.0625	0.015625	AACTT	1	4.868723024836111e-05
492	chr2	125516086	+	5	4	105	0.047619047619047616	0.0380952380952381	AACTT	1	0.0009459401956166909
493	chr2	125516311	+	2	2	106	0.018867924528301886	0.018867924528301886	GTCTT	1	0.004872366691365474
494	chr2	125516537	+	3	2	101	0.0297029702970297	0.0198019801980198	GTCAA	1	0.00979274076702954
495	chr2	125516541	+	5	1	99	0.0505050505050505	0.010101010101010102	AACTT	1	0.0017455249348611109
496	chr2	125516660	+	7	6	70	0.1	0.08571428571428573	ATCTT	1	0.008738685101464225
497	chr2	125676694	-	4	1	60	0.06666666666666668	0.016666666666666666	TACAT	1	4.102880537126607e-05
498	chr2	129472887	+	15	6	202	0.07425742574257425	0.0297029702970297	AACAG	1	0.005523851546208257
499	chr2	132646853	-	2	1	52	0.038461538461538464	0.019230769230769232	GTCAA	1	0.003837932163226935
500	chr2	142907137	+	4	1	72	0.05555555555555555	0.013888888888888888	GACAC	1	0.002307466800484586
501	chr2	143784611	+	5	2	95	0.05263157894736842	0.021052631578947368	AACAC	1	0.001860629478773116
502	chr2	146919745	+	1	1	59	0.01694915254237288	0.01694915254237288	AACAG	1	0.00030121104517278827
503	chr2	148517892	+	4	1	52	0.07692307692307693	0.019230769230769232	TACTC	1	0.0005387106917773134
504	chr2	151402936	+	10	5	137	0.072992700729927	0.0364963503649635	GACAT	1	0.0006215260142325161
505	chr2	151403246	+	6	3	146	0.0410958904109589	0.02054794520547945	GACTT	1	9.752838660815185e-06
506	chr2	152546906	+	17	5	144	0.11805555555555555	0.034722222222222224	GTCTT	1	0.0014042836813399663
507	chr2	163860451	+	12	1	96	0.125	0.010416666666666666	TACAC	1	0.003299496563715905
508	chr2	163860478	+	3	2	98	0.030612244897959183	0.020408163265306117	AACTT	1	0.00011951761811193452
509	chr2	164614806	+	4	1	84	0.047619047619047616	0.011904761904761904	TACAC	1	2.1099055773615362e-06
510	chr2	166788022	+	5	2	78	0.0641025641025641	0.02564102564102564	GACTT	1	0.004452795594956617
511	chr2	166788132	+	1	1	77	0.012987012987012988	0.012987012987012988	CACAT	1	0.0009751793161957127
512	chr2	173620195	+	7	3	71	0.09859154929577464	0.04225352112676056	ATCTT	1	0.0004115999536580348
513	chr2	174188513	+	10	6	495	0.020202020202020204	0.01212121212121212	ATCAA	1	0.0019498828723946496
514	chr2	174306991	-	6	1	73	0.0821917808219178	0.0136986301369863	GACTT	1	0.000143625209715986
515	chr2	174307532	-	1	1	65	0.015384615384615384	0.015384615384615384	GACAC	1	1.3487283700724214e-06
516	chr2	181330514	-	1	1	71	0.014084507042253518	0.014084507042253518	AACAG	1	0.0001920346778194524
517	chr3	8995742	-	1	1	53	0.018867924528301886	0.018867924528301886	AACAA	1	0.002473751878349339
518	chr3	32800643	+	4	1	71	0.056338028169014086	0.014084507042253518	AACAC	1	0.0072782559879314875
519	chr3	58429554	-	21	2	91	0.2307692307692308	0.02197802197802198	TTCAC	1	0.0024827343098385627
520	chr3	58429600	-	7	3	107	0.06542056074766353	0.02803738317757009	TACAA	1	2.1054804270089812e-07
521	chr3	58430887	-	6	1	96	0.0625	0.010416666666666666	TGCAA	1	0.004126678868500087
522	chr3	60535390	+	8	1	81	0.09876543209876544	0.012345679012345678	TACAT	1	0.005201502746612304
523	chr3	60535449	+	2	2	82	0.024390243902439025	0.024390243902439025	GACTT	1	0.0008545892757862137
524	chr3	60535518	+	6	1	85	0.07058823529411765	0.011764705882352941	TTCAT	1	1.5206397243660812e-05
525	chr3	60535658	+	13	3	85	0.15294117647058825	0.035294117647058816	TACTC	1	3.382641096444466e-05
526	chr3	60535760	+	4	1	88	0.045454545454545456	0.011363636363636364	GTCAT	1	0.00025265984159685706
527	chr3	60535798	+	6	3	67	0.08955223880597014	0.04477611940298507	ATCTT	1	8.248269603519524e-06
528	chr3	60535942	+	8	2	103	0.07766990291262135	0.019417475728155338	ATCCT	1	5.131047081720802e-05
529	chr3	60536098	+	20	4	112	0.17857142857142858	0.03571428571428571	TACTC	1	3.681477305622725e-05
530	chr3	60536268	+	8	2	124	0.06451612903225806	0.016129032258064516	AACGT	1	0.00024177610142122867
531	chr3	60536271	+	13	3	118	0.11016949152542373	0.025423728813559324	GTCTA	1	0.00020107947760142838
532	chr3	60537098	+	24	8	132	0.18181818181818185	0.060606060606060615	TACTG	1	4.858532315608121e-05
533	chr3	60537111	+	14	2	157	0.08917197452229299	0.012738853503184714	GACTT	1	0.00037343340610370855
534	chr3	63909046	+	3	2	64	0.046875	0.03125	GACTG	1	0.0046585357233563844
535	chr3	63922963	+	7	2	64	0.109375	0.03125	TACTA	1	0.00776244227322563
536	chr3	65287137	-	14	7	144	0.09722222222222222	0.04861111111111111	CTCTG	1	0.0014705816542691164
537	chr3	65287258	-	9	4	158	0.0569620253164557	0.02531645569620253	TACTC	1	4.758426219543124e-06
538	chr3	67501645	+	1	1	78	0.01282051282051282	0.01282051282051282	TGCAT	1	0.0034401633748844915
539	chr3	67510120	+	1	1	99	0.010101010101010102	0.010101010101010102	AACGG	1	8.162118004026348e-05
540	chr3	88388747	-	2	1	88	0.022727272727272728	0.011363636363636364	GACAA	1	0.00257677328663876
541	chr3	88389171	-	10	1	76	0.13157894736842105	0.013157894736842105	CTCAA	1	0.004656574891777236
542	chr3	89336992	+	2	2	61	0.032786885245901634	0.032786885245901634	GACTT	1	3.856546627561112e-06
543	chr3	89690018	+	16	7	131	0.12213740458015268	0.05343511450381679	ATCTT	1	0.000789522640439737
544	chr3	93471553	+	15	2	176	0.08522727272727272	0.011363636363636364	ATCAA	1	0.000665247691354607
545	chr3	95230757	+	9	3	169	0.05325443786982249	0.017751479289940832	AACAT	1	0.00137329096671742
546	chr3	95463493	+	130	29	641	0.20280811232449292	0.0452418096723869	ATCTA	1	0.002005099487014402
547	chr3	95536583	+	5	1	63	0.07936507936507936	0.015873015873015872	GACGT	1	0.009846513112901594
548	chr3	95536614	+	2	2	55	0.03636363636363636	0.03636363636363636	ATCTT	1	0.006381095223240515
549	chr3	95568836	+	26	8	162	0.16049382716049382	0.04938271604938271	GTCTG	1	4.5232456375282974e-06
550	chr3	95568920	+	9	3	166	0.05421686746987952	0.018072289156626502	CCCTT	1	0.0063405077248574705
551	chr3	95569914	+	2	1	82	0.024390243902439025	0.012195121951219513	ATCAT	1	3.926126146002005e-05
552	chr3	95569947	+	1	1	88	0.011363636363636364	0.011363636363636364	GACTT	1	0.0002752754782629271
553	chr3	95852739	+	3	2	96	0.03125	0.020833333333333332	ATCAT	1	0.0019662719375670287
554	chr3	95852829	+	5	1	94	0.05319148936170213	0.010638297872340424	TGCTT	1	0.0036093163549573218
555	chr3	96469044	+	3	1	92	0.03260869565217391	0.010869565217391304	TTCGG	1	0.0065320492030502535
556	chr3	96469124	+	12	2	89	0.1348314606741573	0.02247191011235955	CACCC	1	0.00639593036208368
557	chr3	96697899	+	3	1	51	0.05882352941176471	0.0196078431372549	CACTA	1	0.0007768209944028037
558	chr3	100045816	-	1	1	52	0.019230769230769232	0.019230769230769232	GACGG	1	0.00014960645459686318
559	chr3	100046007	-	5	1	53	0.09433962264150944	0.018867924528301886	GACTT	1	0.0007688077400339954
560	chr3	102957723	+	3	3	102	0.029411764705882363	0.029411764705882363	AACTC	1	0.001258789210075602
561	chr3	104563311	+	9	3	107	0.08411214953271028	0.02803738317757009	AACAG	1	1.0899392082068403e-05
562	chr3	104564484	+	5	2	122	0.04098360655737705	0.016393442622950817	TACCA	1	0.0010947705928889386
563	chr3	104732018	-	1	1	96	0.010416666666666666	0.010416666666666666	GTCAT	1	0.00860097327221072
564	chr3	104732069	-	2	2	57	0.03508771929824561	0.03508771929824561	ATCTT	1	4.252215061542111e-05
565	chr3	105635675	-	9	3	92	0.09782608695652174	0.03260869565217391	AACTC	1	4.465296925038761e-05
566	chr3	105636168	-	7	5	95	0.07368421052631577	0.05263157894736842	ATCTT	1	0.00024142330858120561
567	chr3	105646869	-	1	1	95	0.010526315789473684	0.010526315789473684	GACTT	1	0.0019019456977526054
568	chr3	105875046	+	3	1	90	0.03333333333333333	0.011111111111111113	AACTT	1	0.0008769011367107893
569	chr3	106678016	-	7	4	141	0.04964539007092199	0.02836879432624113	ATCTT	1	0.0002182462435745004
570	chr3	107191334	+	7	3	96	0.07291666666666667	0.03125	GTCAC	1	0.006871426296245931
571	chr3	107570464	-	3	1	78	0.038461538461538464	0.01282051282051282	ATCAT	1	0.0018527246470494009
572	chr3	108014971	-	3	1	86	0.034883720930232565	0.011627906976744186	ATCAT	1	0.0016694454317912346
573	chr3	108015569	-	6	2	80	0.075	0.025	AACTT	1	0.0006545199759710687
574	chr3	108016153	-	5	3	53	0.09433962264150944	0.05660377358490566	CTCTT	1	0.008392883542382506
575	chr3	130489836	-	3	2	131	0.022900763358778626	0.015267175572519085	TACTC	1	7.704474610757009e-06
576	chr3	130489877	-	3	2	126	0.023809523809523808	0.015873015873015872	AACGG	1	0.0013609884893596145
577	chr3	135114250	-	1	1	71	0.014084507042253518	0.014084507042253518	TTCAA	1	9.857958398191486e-05
578	chr3	135114329	-	3	1	82	0.036585365853658534	0.012195121951219513	GTCAG	1	0.0016176250691112865
579	chr3	135114338	-	4	1	81	0.04938271604938271	0.012345679012345678	AACAA	1	0.000287593475516214
580	chr3	135114482	-	18	4	59	0.3050847457627119	0.06779661016949153	CTCTC	1	0.0012942507082346485
581	chr3	135165774	+	6	4	233	0.02575107296137339	0.017167381974248927	AACAG	1	0.000229680135017426
582	chr3	135171046	+	11	3	243	0.045267489711934165	0.012345679012345678	AACTT	1	5.136384638220319e-05
583	chr3	135171106	+	23	14	169	0.13609467455621302	0.08284023668639054	ATCTT	1	0.009734928515984424
584	chr3	138253458	+	1	1	96	0.010416666666666666	0.010416666666666666	AACTT	1	0.0009432211488384047
585	chr3	138262033	+	3	1	70	0.042857142857142864	0.014285714285714284	AACAC	1	0.0023250356988266416
586	chr3	138262098	+	5	1	73	0.0684931506849315	0.0136986301369863	AACAC	1	4.8386088854678824e-05
587	chr3	144302773	+	167	25	262	0.6374045801526718	0.09541984732824428	AACTT	1	0.0024225345164477267
588	chr3	144303234	+	20	17	295	0.06779661016949153	0.0576271186440678	GACTG	1	0.00024603038909184625
589	chr3	144303415	+	14	6	266	0.05263157894736842	0.022556390977443608	AACTT	1	4.617939370291408e-06
590	chr3	144396955	-	5	3	58	0.08620689655172414	0.05172413793103448	TACTG	1	0.0005250492938327351
591	chr3	144402669	-	4	1	74	0.054054054054054064	0.013513513513513514	GACTT	1	0.005843439388207533
592	chr3	151938116	+	1	1	52	0.019230769230769232	0.019230769230769232	GACTT	1	3.7633299873496244e-05
593	chr3	151938359	+	2	1	52	0.038461538461538464	0.019230769230769232	TTCAC	1	0.0002835468404887352
594	chr3	157716815	-	3	1	59	0.05084745762711865	0.01694915254237288	TACGA	1	0.002864620481168034
595	chr4	3790779	+	3	1	52	0.0576923076923077	0.019230769230769232	AACAT	1	3.9265018693631865e-05
596	chr4	6385177	+	2	2	180	0.011111111111111113	0.011111111111111113	GTCAA	1	0.002732797466129328
597	chr4	6394955	+	30	7	218	0.13761467889908258	0.03211009174311927	GACTT	1	0.0033364606675081016
598	chr4	6395221	+	23	7	237	0.0970464135021097	0.029535864978902964	AACTT	1	0.0012455266298356466
599	chr4	6395576	+	14	4	211	0.06635071090047394	0.018957345971563986	GACAC	1	0.0002576310933845043
600	chr4	8606639	+	4	1	99	0.04040404040404042	0.010101010101010102	AACTT	1	4.807372298826977e-05
601	chr4	8606661	+	5	2	82	0.06097560975609756	0.024390243902439025	TTCAC	1	0.0004935927578455264
602	chr4	40726127	+	9	2	75	0.12	0.02666666666666667	CTCTC	1	0.006999150300188313
603	chr4	40737132	-	1	1	73	0.0136986301369863	0.0136986301369863	AACTT	1	1.2130957582127161e-05
604	chr4	42980071	-	5	1	71	0.07042253521126761	0.014084507042253518	TGCTT	1	0.002054098487172389
605	chr4	44032635	+	3	3	255	0.011764705882352941	0.011764705882352941	CACGT	1	0.0007877866463415013
606	chr4	44032682	+	8	3	237	0.033755274261603366	0.012658227848101266	GTCTT	1	0.00015255361044462658
607	chr4	47483219	+	10	4	389	0.02570694087403599	0.010282776349614395	AACTT	1	1.3956930700079557e-05
608	chr4	53860548	+	7	3	206	0.033980582524271837	0.014563106796116504	AACTT	1	3.324033049234027e-05
609	chr4	59041773	+	4	2	60	0.06666666666666668	0.03333333333333333	CACGT	1	0.00244406947229355
610	chr4	59041858	+	2	1	61	0.032786885245901634	0.016393442622950817	AGCTT	1	0.0009555292588706055
611	chr4	59041870	+	1	1	60	0.016666666666666666	0.016666666666666666	AACTT	1	3.161250673388094e-05
612	chr4	63468545	+	3	3	117	0.02564102564102564	0.02564102564102564	ATCTT	1	0.0018018006353387585
613	chr4	63468562	+	14	6	175	0.08	0.03428571428571429	GTCTT	1	0.005635738719570668
614	chr4	63468872	+	10	3	191	0.052356020942408384	0.015706806282722512	GACTT	1	0.0006827146893227077
615	chr4	89098332	+	4	1	54	0.07407407407407407	0.018518518518518517	GACTT	1	0.00033347979669681656
616	chr4	107057750	+	8	2	142	0.056338028169014086	0.014084507042253518	AACTT	1	0.0021427610905940518
617	chr4	107057920	+	12	4	121	0.09917355371900828	0.033057851239669415	TACTA	1	4.2783158095019254e-05
618	chr4	107742128	+	3	1	95	0.03157894736842105	0.010526315789473684	GTCAT	1	0.0005916982201258151
619	chr4	107901308	-	3	3	63	0.047619047619047616	0.047619047619047616	ATCTT	1	0.001176407191201063
620	chr4	107901429	-	4	1	67	0.05970149253731344	0.01492537313432836	TTCAT	1	0.0004570092704690386
621	chr4	109518177	-	3	1	71	0.04225352112676056	0.014084507042253518	TGCTT	1	0.0007884250309584428
622	chr4	109518235	-	1	1	81	0.012345679012345678	0.012345679012345678	AACAT	1	0.0002746188282482032
623	chr4	109518352	-	4	2	79	0.05063291139240506	0.02531645569620253	TTCGC	1	0.0007607697539810001
624	chr4	114817864	-	8	1	86	0.09302325581395347	0.011627906976744186	TGCTT	1	0.007961565307473165
625	chr4	114818006	-	21	10	149	0.14093959731543626	0.06711409395973154	ATCTA	1	0.0007282505177934747
626	chr4	114818042	-	13	5	143	0.09090909090909093	0.03496503496503497	GACTA	1	1.4878329150468016e-06
627	chr4	114818363	-	5	2	137	0.0364963503649635	0.0145985401459854	AACTT	1	0.0012727315573510224
628	chr4	114818419	-	5	3	135	0.037037037037037035	0.022222222222222227	GACTC	1	0.00325002424885197
629	chr4	114820319	-	4	2	125	0.032	0.016	GACTT	1	0.008764144923368895
630	chr4	114822111	-	10	8	101	0.099009900990099	0.07920792079207921	ATCTT	1	0.004000167769986468
631	chr4	123830717	+	3	1	89	0.033707865168539325	0.011235955056179777	TGCTT	1	0.0023267860932463663
632	chr4	126923930	+	6	3	151	0.039735099337748346	0.019867549668874173	AACAG	1	0.00013389185772117975
633	chr4	126924083	+	20	2	69	0.2898550724637681	0.028985507246376805	ATCTT	1	0.0006175140122476536
634	chr4	126924089	+	26	5	111	0.23423423423423426	0.045045045045045036	AACTT	1	0.00014292254530478017
635	chr4	126924253	+	15	5	110	0.13636363636363635	0.045454545454545456	TACTG	1	0.002040203207982713
636	chr4	129203605	-	1	1	74	0.013513513513513514	0.013513513513513514	TCCTT	1	2.3419637783492506e-05
637	chr4	129609610	-	5	4	75	0.06666666666666668	0.05333333333333334	AACAG	1	8.106940882053256e-07
638	chr4	130283632	+	2	1	54	0.037037037037037035	0.018518518518518517	GACAA	1	0.0008590381545924598
639	chr4	136067521	+	4	1	67	0.05970149253731344	0.01492537313432836	TGCTC	1	0.006051909004131455
640	chr4	136067680	+	12	1	73	0.1643835616438356	0.0136986301369863	TACAT	1	9.398252690123976e-05
641	chr4	137047941	-	6	3	207	0.028985507246376805	0.014492753623188406	GACTT	1	7.923828091823936e-05
642	chr4	137970146	+	1	1	55	0.01818181818181818	0.01818181818181818	TCCTT	1	0.0025281376829266395
643	chr4	148702160	-	4	1	74	0.054054054054054064	0.013513513513513514	TTCAT	1	0.0071887521983878076
644	chr4	152475362	-	2	1	59	0.03389830508474576	0.01694915254237288	CTCTC	1	0.002414880489617375
645	chr4	155675343	+	2	1	62	0.03225806451612903	0.016129032258064516	CACGT	1	0.00022587543806260708
646	chr4	155675440	+	1	1	58	0.017241379310344827	0.017241379310344827	AACTT	1	9.923947965630943e-06
647	chr5	4133265	-	2	1	65	0.030769230769230767	0.015384615384615384	TTCAA	1	0.002152837961477131
648	chr5	25008292	-	2	1	98	0.020408163265306117	0.010204081632653059	TTCAT	1	4.5672818565155734e-05
649	chr5	25008351	-	1	1	88	0.011363636363636364	0.011363636363636364	ATCAA	1	0.0006628500578858327
650	chr5	29971521	+	6	5	80	0.075	0.0625	CTCGA	1	0.0041803729859481034
651	chr5	29971904	+	2	1	85	0.023529411764705882	0.011764705882352941	TACAT	1	0.003756971954371764
652	chr5	30831672	+	7	6	123	0.05691056910569105	0.04878048780487805	ATCTT	1	0.0010207673234574463
653	chr5	32649345	+	1	1	56	0.017857142857142856	0.017857142857142856	TTCAC	1	0.00015036514358453365
654	chr5	32649774	+	2	1	70	0.028571428571428567	0.014285714285714284	GACAC	1	0.0019893143782683826
655	chr5	32649935	+	3	1	68	0.04411764705882353	0.014705882352941175	AACAT	1	3.930197871494096e-05
656	chr5	32650018	+	1	1	66	0.015151515151515154	0.015151515151515154	GTCTT	1	1.1566805569178418e-05
657	chr5	33405363	-	4	2	100	0.04	0.02	GTCTT	1	6.978142628455436e-05
658	chr5	38684321	-	1	1	75	0.013333333333333334	0.013333333333333334	TGCAG	1	0.008783114666208559
659	chr5	65607163	-	6	2	93	0.06451612903225806	0.021505376344086027	AACAT	1	3.616771572654023e-05
660	chr5	88807341	-	3	2	71	0.04225352112676056	0.028169014084507043	AACTT	1	0.00017151494185292285
661	chr5	88807678	-	6	2	52	0.1153846153846154	0.038461538461538464	ATCTT	1	0.0008916019492487654
662	chr5	88807909	-	10	2	59	0.1694915254237288	0.03389830508474576	GTCTG	1	0.005836646530909773
663	chr5	93330189	-	8	4	132	0.060606060606060615	0.030303030303030307	CTCAA	1	0.002555584517813636
664	chr5	100109001	-	17	2	187	0.09090909090909093	0.0106951871657754	TGCTT	1	0.00019900987028601664
665	chr5	100182760	-	2	1	90	0.022222222222222227	0.011111111111111113	GACTT	1	0.0001871926202608827
666	chr5	110978818	-	2	1	56	0.03571428571428571	0.017857142857142856	AACAG	1	0.0018738829357042468
667	chr5	111535259	+	1	1	56	0.017857142857142856	0.017857142857142856	AACAG	1	8.845518551659333e-05
668	chr5	111535268	+	11	2	57	0.19298245614035087	0.03508771929824561	GACGG	1	0.0013476913114481956
669	chr5	113916298	+	12	2	80	0.15	0.025	ATCTG	1	0.00018471957641807968
670	chr5	113982045	-	2	2	62	0.03225806451612903	0.03225806451612903	ACCGA	1	0.0007271495190595411
671	chr5	114807496	-	1	1	79	0.012658227848101266	0.012658227848101266	ATCCT	1	9.409548912339417e-05
672	chr5	114808299	-	9	3	59	0.15254237288135594	0.05084745762711865	TTCTA	1	0.0047969373421269355
673	chr5	122594500	-	9	3	122	0.07377049180327869	0.024590163934426236	GTCTA	1	8.126946318232673e-06
674	chr5	122594811	-	4	2	112	0.03571428571428571	0.017857142857142856	GTCTT	1	0.0006449600192696996
675	chr5	122594871	-	3	3	110	0.027272727272727268	0.027272727272727268	GACTT	1	0.0017739016020193925
676	chr5	122595066	-	6	4	101	0.0594059405940594	0.0396039603960396	GACTC	1	0.0004202133127693145
677	chr5	122595183	-	5	1	94	0.05319148936170213	0.010638297872340424	AACTT	1	2.1865147587972664e-05
678	chr5	125532079	+	10	3	200	0.05	0.015	AACAT	1	0.0007029528844188129
679	chr5	129842682	-	2	1	64	0.03125	0.015625	AACAT	1	9.74363625469342e-05
680	chr5	129842764	-	7	4	52	0.1346153846153846	0.07692307692307693	TTCTA	1	0.002482306829971305
681	chr5	129875176	+	26	18	294	0.08843537414965986	0.061224489795918366	GTCTA	1	0.0022533649500698625
682	chr5	134267618	-	4	2	57	0.07017543859649122	0.03508771929824561	GTCTA	1	0.0013077937493733082
683	chr5	135937711	-	2	1	99	0.020202020202020204	0.010101010101010102	AACTT	1	7.332901025877558e-08
684	chr5	135937796	-	2	1	98	0.020408163265306117	0.010204081632653059	TACGG	1	0.0014759561286659068
685	chr5	142889247	-	7	3	184	0.03804347826086957	0.016304347826086956	GTCTT	1	8.754641345497774e-07
686	chr5	143491721	-	6	1	99	0.060606060606060615	0.010101010101010102	AACGC	1	1.2131496290672459e-05
687	chr5	143492002	-	2	1	72	0.027777777777777776	0.013888888888888888	TACAT	1	0.0029308816420686567
688	chr5	144200994	+	25	10	131	0.19083969465648856	0.07633587786259542	TTCTA	1	0.00059762055797382
689	chr5	145045441	+	2	1	51	0.0392156862745098	0.0196078431372549	CTCAT	1	0.0012934506374189974
690	chr5	148441550	-	1	1	58	0.017241379310344827	0.017241379310344827	AACAG	1	5.8461045254087656e-05
691	chr5	148441787	-	1	1	57	0.017543859649122806	0.017543859649122806	ATCAA	1	0.00833834233590568
692	chr5	148441858	-	5	2	57	0.08771929824561403	0.03508771929824561	GACAT	1	6.7891560168504955e-06
693	chr5	148442107	-	1	1	56	0.017857142857142856	0.017857142857142856	ATCAG	1	0.007411740193479357
694	chr5	148442113	-	3	1	56	0.05357142857142857	0.017857142857142856	TTCGG	1	0.0018264563766587367
695	chr6	15801406	+	1	1	53	0.018867924528301886	0.018867924528301886	GACTT	1	0.0018943013733064005
696	chr6	15801846	+	2	1	59	0.03389830508474576	0.01694915254237288	GACAT	1	0.005988556725249651
697	chr6	15802106	+	1	1	61	0.016393442622950817	0.016393442622950817	AACGT	1	0.00516871759009412
698	chr6	17656247	+	5	2	142	0.035211267605633804	0.014084507042253518	AACAG	1	0.004696296784174214
699	chr6	17666245	+	12	3	151	0.07947019867549669	0.019867549668874173	AACTC	1	0.00010212183932495628
700	chr6	18853850	+	1	1	62	0.016129032258064516	0.016129032258064516	AACAT	1	3.118681192285442e-05
701	chr6	18853911	+	10	2	59	0.1694915254237288	0.03389830508474576	ATCTA	1	0.0005082830755754054
702	chr6	29376628	+	7	2	57	0.12280701754385966	0.03508771929824561	AACAG	1	0.0007363588048600602
703	chr6	35224444	+	3	1	55	0.054545454545454536	0.01818181818181818	TGCTA	1	0.0028795902695576826
704	chr6	35486075	-	3	1	80	0.0375	0.0125	TACAT	1	0.005952359934248544
705	chr6	35486776	-	6	3	84	0.07142857142857142	0.03571428571428571	GTCTG	1	0.009347768338832238
706	chr6	35486817	-	3	3	83	0.03614457831325301	0.03614457831325301	GACAC	1	0.0004975335420381867
707	chr6	35487444	-	1	1	83	0.012048192771084338	0.012048192771084338	AACAA	1	0.0008846893438789982
708	chr6	35487711	-	6	2	74	0.08108108108108109	0.027027027027027032	GACTT	1	0.00610381703272066
709	chr6	35487870	-	2	1	66	0.030303030303030307	0.015151515151515154	AACCT	1	0.00326301312832795
710	chr6	35487996	-	3	1	65	0.04615384615384616	0.015384615384615384	AACTT	1	0.0016296591861976106
711	chr6	35488298	-	5	1	59	0.0847457627118644	0.01694915254237288	GTCTT	1	0.0004584471778344247
712	chr6	35488397	-	2	1	64	0.03125	0.015625	AACAT	1	0.007917736005757167
713	chr6	47773137	-	10	4	68	0.14705882352941174	0.05882352941176471	ATCTT	1	0.0001936289176362904
714	chr6	49034071	+	4	3	119	0.03361344537815126	0.025210084033613446	GTCTC	1	0.008539989888704995
715	chr6	49220965	-	3	1	65	0.04615384615384616	0.015384615384615384	AACTT	1	0.0001965162738390928
716	chr6	49221027	-	2	1	68	0.029411764705882363	0.014705882352941175	AACTT	1	1.7439443454882153e-05
717	chr6	50175331	+	9	1	97	0.09278350515463918	0.010309278350515464	AACAG	1	0.002302863365898504
718	chr6	51439831	-	22	4	349	0.06303724928366762	0.011461318051575931	GACAT	1	0.0003977787900292943
719	chr6	51460501	+	1	1	90	0.011111111111111113	0.011111111111111113	GACCT	1	0.004972030819364611
720	chr6	51886291	-	2	2	129	0.015503875968992246	0.015503875968992246	AACGT	1	0.0036537930417082773
721	chr6	52523340	-	9	3	71	0.1267605633802817	0.04225352112676056	GACTC	1	0.0003791383339519977
722	chr6	52523351	-	2	1	69	0.028985507246376805	0.014492753623188406	TACAT	1	0.0004733706811486764
723	chr6	66517678	+	3	1	70	0.042857142857142864	0.014285714285714284	ATCAT	1	0.0008188160371568996
724	chr6	67261304	+	3	2	75	0.04	0.02666666666666667	TTCAC	1	0.0016408100727477114
725	chr6	71851951	+	7	4	106	0.0660377358490566	0.03773584905660377	ATCAA	1	0.006263336846873659
726	chr6	72414091	-	3	1	59	0.05084745762711865	0.01694915254237288	TGCTA	1	0.005458555608901764
727	chr6	81938562	-	3	2	68	0.04411764705882353	0.029411764705882363	ATCTT	1	0.0010686810492588454
728	chr6	81938761	-	1	1	86	0.011627906976744186	0.011627906976744186	TACAC	1	0.008775071504405832
729	chr6	82624725	-	5	1	56	0.08928571428571429	0.017857142857142856	GTCTT	1	0.007330881831422464
730	chr6	83282765	-	4	3	61	0.06557377049180327	0.04918032786885247	GTCGG	1	0.0018529983974260613
731	chr6	83318430	+	9	3	78	0.1153846153846154	0.038461538461538464	GTCTT	1	0.006905462376959868
732	chr6	83318783	+	1	1	78	0.01282051282051282	0.01282051282051282	TACTC	1	0.00011840386959441605
733	chr6	83320600	+	4	4	123	0.032520325203252036	0.032520325203252036	GTCGT	1	8.191654857595683e-05
734	chr6	83335295	+	9	1	99	0.09090909090909093	0.010101010101010102	TTCAT	1	1.023685431950766e-05
735	chr6	86652373	-	1	1	67	0.01492537313432836	0.01492537313432836	GACAC	1	0.00415954752352582
736	chr6	86713853	-	4	3	122	0.032786885245901634	0.024590163934426236	GACAT	1	0.00015225548267522142
737	chr6	86714494	-	5	2	102	0.04901960784313725	0.0196078431372549	GTCTT	1	0.0047536068870572545
738	chr6	86714562	-	13	6	111	0.11711711711711713	0.054054054054054064	AACTT	1	0.0005068069220940262
739	chr6	86714706	-	3	2	78	0.038461538461538464	0.02564102564102564	ATCTT	1	0.00042685292589322616
740	chr6	87976624	-	32	16	299	0.10702341137123746	0.05351170568561873	GACTT	1	0.0013197227654178868
741	chr6	87976887	-	34	22	285	0.11929824561403507	0.07719298245614035	ATCTT	1	4.220720213206979e-05
742	chr6	87977036	-	17	10	325	0.05230769230769231	0.030769230769230767	GTCTA	1	0.0004718632132006562
743	chr6	88481953	-	6	4	134	0.04477611940298507	0.02985074626865672	ATCTT	1	2.0910427426495146e-05
744	chr6	91735541	+	19	4	119	0.15966386554621848	0.03361344537815126	AACAA	1	3.086415947749025e-05
745	chr6	91736012	+	17	2	124	0.13709677419354838	0.016129032258064516	AACAC	1	0.0005063117434599841
746	chr6	91736017	+	5	2	139	0.03597122302158273	0.014388489208633094	AACAA	1	0.0006443276738237843
747	chr6	95451840	-	3	1	91	0.03296703296703297	0.01098901098901099	CACTC	1	0.00025451490141528417
748	chr6	97210259	+	9	2	184	0.04891304347826087	0.010869565217391304	TACAA	1	0.00016886781019760847
749	chr6	97210272	+	1	1	65	0.015384615384615384	0.015384615384615384	AACTT	1	0.002482122736642049
750	chr6	106759050	+	3	2	60	0.05	0.03333333333333333	GACAT	1	0.0005954603708934397
751	chr6	108798829	+	13	4	173	0.07514450867052024	0.023121387283237	GTCTT	1	0.005322585478574963
752	chr6	113705075	-	18	12	104	0.17307692307692307	0.1153846153846154	ATCTT	1	0.0008802129326121019
753	chr6	121342562	+	23	5	348	0.06609195402298851	0.014367816091954025	GACTT	1	0.0007279898139953933
754	chr6	122555043	-	4	2	145	0.027586206896551724	0.013793103448275862	TACTC	1	1.7805568690518918e-05
755	chr6	122555849	-	6	4	108	0.05555555555555555	0.037037037037037035	AACTC	1	0.002344733347423125
756	chr6	125437299	-	90	18	531	0.1694915254237288	0.03389830508474576	ATCTA	1	0.0018752252763388245
757	chr6	125437361	-	25	10	537	0.04655493482309125	0.0186219739292365	GACTC	1	0.002370116852027254
758	chr6	125437478	-	66	23	506	0.13043478260869565	0.045454545454545456	GACAT	1	0.00043175140975195954
759	chr6	125437504	-	20	11	488	0.04098360655737705	0.02254098360655737	GTCTT	1	4.290538322113463e-05
760	chr6	135360138	+	6	2	81	0.07407407407407407	0.02469135802469136	AACTC	1	5.192665963846034e-05
761	chr6	136790677	-	1	1	68	0.014705882352941175	0.014705882352941175	GACAA	1	0.00031913791518159266
762	chr6	136790935	-	2	1	61	0.032786885245901634	0.016393442622950817	GTCTT	1	0.0008277883693576896
763	chr6	137728266	+	7	5	65	0.1076923076923077	0.07692307692307693	ATCTT	1	1.3870597094508795e-05
764	chr6	137728425	+	6	4	76	0.07894736842105263	0.05263157894736842	TACGT	1	0.0033735980600395643
765	chr6	137728517	+	3	1	68	0.04411764705882353	0.014705882352941175	AACTT	1	0.00010816496164521432
766	chr6	137728544	+	3	1	76	0.03947368421052632	0.013157894736842105	TTCAA	1	0.0022361916236753113
767	chr6	137728555	+	1	1	72	0.013888888888888888	0.013888888888888888	AACCT	1	0.002744451989801433
768	chr6	146932320	+	4	1	63	0.06349206349206349	0.015873015873015872	TACGT	1	3.5299315650361517e-06
769	chr6	146933402	+	1	1	86	0.011627906976744186	0.011627906976744186	GACAA	1	0.0006827960611026416
770	chr6	146933410	+	3	1	83	0.03614457831325301	0.012048192771084338	AACAA	1	0.00036903400933951854
771	chr6	146933439	+	2	2	85	0.023529411764705882	0.023529411764705882	AACTT	1	2.9708671951467705e-07
772	chr7	19367191	-	2	1	66	0.030303030303030307	0.015151515151515154	TTCAT	1	0.00213058229512385
773	chr7	28593052	-	2	2	111	0.01801801801801801	0.01801801801801801	AACTT	1	2.926299695087591e-05
774	chr7	65739073	+	6	1	74	0.08108108108108109	0.013513513513513514	AACAT	1	2.1168047399280086e-05
775	chr7	80362788	-	2	1	62	0.03225806451612903	0.016129032258064516	AACAC	1	1.0884759907265598e-05
776	chr7	89568064	-	3	1	81	0.037037037037037035	0.012345679012345678	GACTT	1	0.0010477349977248594
777	chr7	89568146	-	3	1	94	0.031914893617021274	0.010638297872340424	AACTT	1	0.0008432464981162246
778	chr7	97056170	+	7	5	225	0.031111111111111117	0.022222222222222227	GACAT	1	0.0018511296451363143
779	chr7	97360913	+	3	2	59	0.05084745762711865	0.03389830508474576	ATCAA	1	0.0035044225949822697
780	chr7	99488330	-	7	2	145	0.04827586206896552	0.013793103448275862	GACTT	1	1.0836297605129684e-05
781	chr7	102118096	+	18	1	98	0.1836734693877551	0.010204081632653059	AACTT	1	0.004981915536799889
782	chr7	109654653	+	3	3	71	0.04225352112676056	0.04225352112676056	GACTA	1	0.0026961434901730703
783	chr7	109655331	+	3	2	58	0.05172413793103448	0.03448275862068965	GTCTT	1	0.0018536147872123703
784	chr7	109655748	+	8	3	65	0.12307692307692307	0.04615384615384616	GTCTA	1	0.0005781613659116143
785	chr7	113863888	-	10	5	180	0.05555555555555555	0.027777777777777776	GTCTT	1	0.0007136738059639751
786	chr7	115704308	+	2	1	84	0.023809523809523808	0.011904761904761904	TACAG	1	4.15697126045682e-05
787	chr7	117718860	-	3	1	94	0.031914893617021274	0.010638297872340424	GACTT	1	0.00019105080991045
788	chr7	127580375	+	2	1	66	0.030303030303030307	0.015151515151515154	AACAT	1	0.001156325781881857
789	chr7	127581079	+	14	4	83	0.1686746987951807	0.04819277108433735	ATCGC	1	0.001760835659972837
790	chr7	131172740	+	5	2	100	0.05	0.02	AACAG	1	0.007964883257691463
791	chr7	131172850	+	16	6	100	0.16	0.06	ATCTA	1	0.00013882779867800557
792	chr7	132159545	-	4	2	97	0.041237113402061855	0.020618556701030927	ATCAA	1	0.0007636824832820566
793	chr7	132159563	-	10	1	97	0.10309278350515463	0.010309278350515464	AACAG	1	8.10794225784208e-05
794	chr7	144484440	-	4	1	76	0.05263157894736842	0.013157894736842105	TGCCC	1	0.005353859349916201
795	chr8	13224732	+	64	33	999	0.06406406406406406	0.03303303303303303	GACGG	1	0.004159782835888714
796	chr8	13427358	+	4	2	95	0.042105263157894736	0.021052631578947368	AACTT	1	0.0018340950589605261
797	chr8	13428186	+	1	1	97	0.010309278350515464	0.010309278350515464	GTCAA	1	6.018004511439714e-06
798	chr8	13428190	+	2	1	92	0.021739130434782608	0.010869565217391304	ATCAT	1	2.0470770855714724e-06
799	chr8	13428332	+	2	1	82	0.024390243902439025	0.012195121951219513	AACAC	1	2.1566757852263136e-05
800	chr8	13428375	+	4	1	74	0.054054054054054064	0.013513513513513514	GACTT	1	1.0478202228582064e-06
801	chr8	18929635	+	8	5	87	0.09195402298850576	0.05747126436781608	AACAG	1	0.003069885219708841
802	chr8	26489949	-	2	1	52	0.038461538461538464	0.019230769230769232	GTCTT	1	0.007991918873569974
803	chr8	39618086	+	12	2	58	0.206896551724138	0.03448275862068965	GACTA	1	0.0006591171739353988
804	chr8	39618090	+	1	1	59	0.01694915254237288	0.01694915254237288	ATCAA	1	0.0070681259664415
805	chr8	41793823	-	2	1	61	0.032786885245901634	0.016393442622950817	AACTT	1	0.0036447097831638843
806	chr8	41793884	-	5	1	62	0.08064516129032258	0.016129032258064516	TTCAT	1	1.1895729886067188e-06
807	chr8	41793902	-	3	1	59	0.05084745762711865	0.01694915254237288	ATCAT	1	6.0581413283925876e-06
808	chr8	41794140	-	3	1	60	0.05	0.016666666666666666	GACAT	1	0.005748396712456969
809	chr8	54975033	-	10	2	58	0.1724137931034483	0.03448275862068965	CTCTC	1	0.0023822891889597963
810	chr8	54975035	-	3	1	64	0.046875	0.015625	TACTC	1	0.00015796690532536123
811	chr8	54975189	-	7	2	64	0.109375	0.03125	AACAA	1	0.009876889929302413
812	chr8	54975915	-	3	1	56	0.05357142857142857	0.017857142857142856	GACTT	1	0.005554229855961673
813	chr8	71857152	+	3	2	58	0.05172413793103448	0.03448275862068965	GACTA	1	0.0039843179644338455
814	chr8	72076756	+	3	1	55	0.054545454545454536	0.01818181818181818	TACTC	1	0.0012120071889787144
815	chr8	72934652	+	3	3	60	0.05	0.05	ATCTA	1	0.0002059630834811552
816	chr8	75827036	+	1	1	58	0.017241379310344827	0.017241379310344827	GTCTT	1	0.0027607427313957964
817	chr8	79232092	-	52	10	105	0.4952380952380953	0.09523809523809523	TACTA	1	0.00424178924160561
818	chr8	79534716	-	2	1	66	0.030303030303030307	0.015151515151515154	GACAT	1	8.681056388982786e-06
819	chr8	80411194	-	16	1	82	0.1951219512195122	0.012195121951219513	ATCAA	1	0.009060491796571151
820	chr8	84696216	+	1	1	55	0.01818181818181818	0.01818181818181818	TGCGT	1	0.0043889766814284815
821	chr8	85569078	-	39	9	662	0.058912386706948636	0.013595166163141994	GTCTT	1	0.000818180723676036
822	chr8	85987122	-	4	1	90	0.04444444444444445	0.011111111111111113	GACTT	1	2.6811354570655885e-05
823	chr8	85987537	-	1	1	80	0.0125	0.0125	AACTT	1	0.0030054117198941147
824	chr8	86265715	-	6	4	98	0.061224489795918366	0.040816326530612235	ATCGT	1	0.0017911357859147579
825	chr8	86265731	-	3	1	95	0.03157894736842105	0.010526315789473684	AACTT	1	0.004388592417792854
826	chr8	95121868	+	1	1	62	0.016129032258064516	0.016129032258064516	GACTT	1	0.0006694410675412997
827	chr8	95590492	+	4	1	57	0.07017543859649122	0.017543859649122806	GTCTT	1	9.445218879039591e-06
828	chr8	96552586	+	4	1	60	0.06666666666666668	0.016666666666666666	GACTT	1	0.0018915187401451052
829	chr8	105943679	+	1	1	56	0.017857142857142856	0.017857142857142856	ATCAA	1	0.003132722069451234
830	chr8	105943705	+	1	1	56	0.017857142857142856	0.017857142857142856	GGCTT	1	0.0016749929383433964
831	chr8	105943880	+	3	1	59	0.05084745762711865	0.01694915254237288	GACAT	1	0.00019773922511577463
832	chr8	105944237	+	3	1	51	0.05882352941176471	0.0196078431372549	AACAT	1	0.00020147542785425312
833	chr8	105944525	+	1	1	56	0.017857142857142856	0.017857142857142856	AACTT	1	0.0008945638080002075
834	chr8	117709162	-	9	5	69	0.13043478260869565	0.07246376811594203	TACTA	1	0.00185536753436673
835	chr8	117709285	-	5	1	75	0.06666666666666668	0.013333333333333334	GACTT	1	0.007738914217722339
836	chr8	117714111	-	1	1	72	0.013888888888888888	0.013888888888888888	AGCGT	1	0.003471203027320052
837	chr8	127661397	-	15	10	194	0.07731958762886597	0.05154639175257732	GACTA	1	0.00016419520001216366
838	chr9	7793981	+	2	2	71	0.028169014084507043	0.028169014084507043	ATCTT	1	1.3076544183205892e-05
839	chr9	7794013	+	4	1	81	0.04938271604938271	0.012345679012345678	GACTT	1	8.063798314266925e-06
840	chr9	14421604	+	11	2	64	0.171875	0.03125	TTCAT	1	0.0031704201159577327
841	chr9	25218962	+	4	1	75	0.05333333333333334	0.013333333333333334	AACAG	1	3.3409653001463725e-05
842	chr9	25219404	+	4	1	80	0.05	0.0125	AACAG	1	0.0012140134209098633
843	chr9	25219408	+	2	1	86	0.02325581395348837	0.011627906976744186	GCCTT	1	0.007259373340279028
844	chr9	25219838	+	2	1	80	0.025	0.0125	CACAT	1	1.197932190901372e-05
845	chr9	31061947	-	1	1	94	0.010638297872340424	0.010638297872340424	AACCT	1	0.0002039407354929282
846	chr9	44653479	-	4	2	76	0.05263157894736842	0.02631578947368421	AACGA	1	0.0033987895849267235
847	chr9	48400049	-	3	1	69	0.043478260869565216	0.014492753623188406	TACCA	1	0.003781540163445346
848	chr9	48400355	-	1	1	65	0.015384615384615384	0.015384615384615384	AACAT	1	0.000106624151358314
849	chr9	48400422	-	2	1	59	0.03389830508474576	0.01694915254237288	ATCAT	1	0.0004472172048209542
850	chr9	53493703	-	3	1	62	0.04838709677419355	0.016129032258064516	CACTT	1	5.4733251362024896e-05
851	chr9	54511085	+	9	2	115	0.0782608695652174	0.017391304347826087	AACAT	1	0.002681207620096257
852	chr9	55361860	-	5	1	88	0.05681818181818181	0.011363636363636364	TTCAA	1	9.08876027795251e-06
853	chr9	55392620	-	2	1	82	0.024390243902439025	0.012195121951219513	GTCGG	1	0.009992778346818141
854	chr9	56043382	-	6	4	64	0.09375	0.0625	ATCAA	1	0.002089874267178546
855	chr9	56845636	+	2	1	81	0.02469135802469136	0.012345679012345678	AACCC	1	0.006104647712619469
856	chr9	57496037	+	8	2	81	0.09876543209876544	0.02469135802469136	GTCAT	1	0.004134331354473958
857	chr9	58559896	+	7	2	102	0.06862745098039216	0.0196078431372549	AACTT	1	5.812554949256522e-05
858	chr9	64201626	+	1	1	83	0.012048192771084338	0.012048192771084338	GACTT	1	0.00793178519127705
859	chr9	64201644	+	4	1	84	0.047619047619047616	0.011904761904761904	TACAT	1	0.0006510589417807781
860	chr9	64211852	+	3	2	101	0.0297029702970297	0.0198019801980198	GACTT	1	0.00012051304669373025
861	chr9	64211883	+	7	4	103	0.06796116504854369	0.03883495145631068	GACTA	1	6.586825411168788e-05
862	chr9	64623968	-	5	1	78	0.0641025641025641	0.01282051282051282	AACTT	1	0.0017730226751273585
863	chr9	66856709	+	17	6	364	0.046703296703296704	0.016483516483516484	GACAA	1	2.949792461747184e-05
864	chr9	70326385	-	2	1	75	0.02666666666666667	0.013333333333333334	GACAC	1	0.005475383884955843
865	chr9	71385950	-	5	4	136	0.036764705882352935	0.029411764705882363	GACTT	1	1.4696501625358106e-05
866	chr9	89089816	+	1	1	56	0.017857142857142856	0.017857142857142856	GTCTT	1	0.00294658566464322
867	chr9	96214871	-	10	3	227	0.04405286343612335	0.013215859030837005	CACCG	1	0.00015532906925173453
868	chr9	96214995	-	6	4	210	0.028571428571428567	0.01904761904761905	AACTT	1	0.00013745215455277518
869	chr9	96353097	-	12	3	89	0.1348314606741573	0.033707865168539325	TTCAT	1	0.00014192618478650818
870	chr9	98462180	+	1	1	52	0.019230769230769232	0.019230769230769232	AACTT	1	1.5286775216105382e-05
871	chr9	98464783	+	5	1	61	0.08196721311475409	0.016393442622950817	GACTT	1	0.007883168897355828
872	chr9	98470261	+	4	1	81	0.04938271604938271	0.012345679012345678	AACTT	1	0.008284330013664042
873	chr9	103066386	-	9	2	51	0.17647058823529413	0.0392156862745098	TGCTT	1	0.0001835744342662857
874	chr9	103230673	-	1	1	79	0.012658227848101266	0.012658227848101266	GACTT	1	0.0058887946097229745
875	chr9	103231099	-	9	1	69	0.13043478260869565	0.014492753623188406	TTCAA	1	0.0008735806165351383
876	chr9	108215107	+	20	9	92	0.21739130434782608	0.09782608695652174	AACTA	1	0.0006489095138256509
877	chr9	115072895	-	2	1	67	0.02985074626865672	0.01492537313432836	CTCAT	1	0.002787556554937609
878	chr9	120789138	+	150	42	261	0.5747126436781609	0.16091954022988506	GACTT	1	2.331193793363701e-05
879	chr9	120789285	+	40	9	278	0.14388489208633093	0.03237410071942446	GACGT	1	0.008246382582368934
880	chr9	123088227	-	1	1	93	0.010752688172043013	0.010752688172043013	AACTT	1	5.536107348716418e-05
881	chrM	1692	+	336	111	9836	0.03416022773485156	0.011285075233834893	AACTT	1	0.00010970085955146176
882	chrM	3076	+	1224	333	8645	0.14158473105841524	0.03851937536148063	ATCTA	1	0.00487651599419765
883	chrM	6163	+	1340	691	10281	0.13033751580585545	0.06721136076257174	GTCTA	1	0.001215337992893543
884	chrM	10016	+	259	46	2625	0.09866666666666668	0.017523809523809525	AACTT	1	0.008657907908426968
885	chrM	15542	+	11	5	265	0.04150943396226415	0.018867924528301886	AACAT	1	0.0005198844632412408
886	chrX	10585531	+	6	2	56	0.10714285714285714	0.03571428571428571	GTCTT	1	0.0007360019642408702
887	chrX	12482130	+	7	1	81	0.08641975308641975	0.012345679012345678	GACTT	1	0.0005379925893862887
888	chrX	12482174	+	5	5	71	0.07042253521126761	0.07042253521126761	ATCTT	1	0.000525275456395395
889	chrX	12482197	+	5	4	83	0.060240963855421686	0.04819277108433735	GACGG	1	3.525613938606518e-05
890	chrX	12482227	+	12	2	83	0.14457831325301204	0.024096385542168683	AACAT	1	3.0715255960004907e-06
891	chrX	12482741	+	5	3	92	0.05434782608695652	0.03260869565217391	GACTA	1	0.002696947411653259
892	chrX	12482843	+	8	1	52	0.15384615384615385	0.019230769230769232	TTCCC	1	0.006546982144515668
893	chrX	12482895	+	13	2	92	0.14130434782608695	0.021739130434782608	GACTA	1	0.004627415646119462
894	chrX	13158049	+	11	3	55	0.2	0.054545454545454536	AACTT	1	5.354530731898767e-06
895	chrX	13158804	+	5	1	69	0.07246376811594203	0.014492753623188406	TACTC	1	0.0008893210380614074
896	chrX	13158848	+	1	1	72	0.013888888888888888	0.013888888888888888	GACTT	1	0.0002012504101734923
897	chrX	36062393	+	160	16	811	0.19728729963008632	0.01972872996300863	CTCAA	1	0.0034102634433091712
898	chrX	37494017	-	1	1	85	0.011764705882352941	0.011764705882352941	AACTT	1	0.002696302569560293
899	chrX	37494097	-	2	1	84	0.023809523809523808	0.011904761904761904	AACAA	1	0.001709266918802883
900	chrX	37494133	-	1	1	84	0.011904761904761904	0.011904761904761904	TGCTT	1	0.0006130862780672368
901	chrX	37494275	-	5	2	69	0.07246376811594203	0.028985507246376805	TACAT	1	0.0001349008185907599
902	chrX	37494305	-	8	3	65	0.12307692307692307	0.04615384615384616	AACTG	1	0.000859859561058887
903	chrX	37508408	-	8	4	107	0.07476635514018691	0.037383177570093455	ATCAA	1	0.0003968035879690232
904	chrX	37508648	-	7	2	108	0.06481481481481481	0.018518518518518517	GACAA	1	1.4059240245642389e-05
905	chrX	37508720	-	4	3	107	0.037383177570093455	0.02803738317757009	GACTT	1	2.3363524362839692e-05
906	chrX	37508794	-	5	2	104	0.04807692307692308	0.019230769230769232	AACGA	1	0.00011610159654441023
907	chrX	37509505	-	2	1	82	0.024390243902439025	0.012195121951219513	CTCAG	1	0.0024000953478790924
908	chrX	37509507	-	8	1	79	0.10126582278481013	0.012658227848101266	TACTC	1	0.00032118421165632736
909	chrX	37509558	-	1	1	83	0.012048192771084338	0.012048192771084338	AACTT	1	5.79615077994403e-05
910	chrX	37509715	-	7	2	79	0.08860759493670886	0.02531645569620253	AACGA	1	0.0022056515137818832
911	chrX	37509755	-	4	1	77	0.05194805194805195	0.012987012987012988	TTCCT	1	0.002225902760728005
912	chrX	37510194	-	8	1	69	0.11594202898550725	0.014492753623188406	GACTT	1	0.005482188921429432
913	chrX	37510401	-	5	3	66	0.07575757575757576	0.045454545454545456	GACTA	1	0.00014679240665136392
914	chrX	37510423	-	2	1	62	0.03225806451612903	0.016129032258064516	ATCAT	1	0.00166929175408003
915	chrX	37510442	-	11	2	59	0.1864406779661017	0.03389830508474576	TACTA	1	0.0003643173027128345
916	chrX	37510669	-	2	1	69	0.028985507246376805	0.014492753623188406	GTCTT	1	0.003028591595860084
917	chrX	37702141	+	7	2	55	0.12727272727272726	0.03636363636363636	ATCTA	1	0.004268513253704848
918	chrX	37702290	+	4	2	52	0.07692307692307693	0.038461538461538464	TTCCG	1	0.0031668907375087076
919	chrX	56276861	-	1	1	88	0.011363636363636364	0.011363636363636364	AACAG	1	0.0012297128146862312
920	chrX	56276884	-	2	1	89	0.02247191011235955	0.011235955056179777	GACAT	1	2.8408431879740114e-05
921	chrX	56276897	-	2	1	89	0.02247191011235955	0.011235955056179777	GACTT	1	1.2044382377205751e-06
922	chrX	56278690	-	2	1	57	0.03508771929824561	0.017543859649122806	ATCAG	1	0.003182186969111953
923	chrX	74152657	+	4	2	56	0.07142857142857142	0.03571428571428571	TACTA	1	0.003416014126061027
924	chrX	74152732	+	4	2	58	0.06896551724137931	0.03448275862068965	ATCTG	1	0.003193560180369003
925	chrX	74578193	+	1	1	51	0.0196078431372549	0.0196078431372549	GACAA	1	0.008042140613132577
926	chrX	95211612	+	9	2	142	0.06338028169014084	0.014084507042253518	ATCAT	1	0.00016909946133105176
927	chrX	95211695	+	21	2	139	0.1510791366906475	0.014388489208633094	AACAT	1	1.749371016731588e-05
928	chrX	108204313	+	11	1	61	0.18032786885245905	0.016393442622950817	GACAT	1	0.0005326677356346785
929	chrX	108204511	+	1	1	64	0.015625	0.015625	TACAA	1	0.001395504618413212
930	chrX	108204586	+	3	1	70	0.042857142857142864	0.014285714285714284	GACTT	1	0.002628398186943821
931	chrX	108204658	+	11	3	72	0.1527777777777778	0.041666666666666664	AACGA	1	0.0008027621938372425
932	chrX	108204828	+	5	1	73	0.0684931506849315	0.0136986301369863	ATCAA	1	0.002029013267374058
933	chrX	108205053	+	6	2	79	0.0759493670886076	0.02531645569620253	AACGT	1	0.0009502422082235901
934	chrX	108205320	+	2	2	89	0.02247191011235955	0.02247191011235955	GACAA	1	0.0004304228928453832
935	chrX	108205421	+	2	1	90	0.022222222222222227	0.011111111111111113	GACAA	1	0.00013368978271973038
936	chrX	108205659	+	5	1	96	0.052083333333333336	0.010416666666666666	TGCAT	1	0.009037900464736976
937	chrX	108205715	+	4	1	85	0.047058823529411764	0.011764705882352941	TTCAC	1	0.002908623091841095
938	chrX	108205780	+	11	2	99	0.1111111111111111	0.020202020202020204	AACAC	1	0.00044401168200524835
939	chrX	108205885	+	11	3	97	0.1134020618556701	0.030927835051546393	GACTG	1	0.002043440998807195
940	chrX	133507554	+	7	1	59	0.11864406779661014	0.01694915254237288	AACAT	1	0.000959573266356194
941	chrX	135147776	+	15	9	56	0.26785714285714285	0.16071428571428573	AACTT	1	2.345927701215358e-05
942	chrX	135633733	-	12	3	122	0.09836065573770493	0.024590163934426236	ATCTT	1	9.604204610290216e-06
943	chrX	135633941	-	16	2	156	0.10256410256410256	0.01282051282051282	GACGT	1	0.0029433942906339303
944	chrX	141022655	+	3	1	52	0.0576923076923077	0.019230769230769232	AACTT	1	1.2560806706531355e-05
945	chrX	158165691	+	6	4	125	0.048	0.032	ATCAA	1	0.0007340269968011291
