	contig_mm39	pos_mm39	BaseCount_WT[A,C,G,T]	SubsFreq_WT	BaseCount_KO[A,C,G,T]	SubsFreq_KO	PositionAnnotation	gene_name	region	position	strand	WT_T_native	WT_T_iForest	WT_depth_stranded	WT_Tfreq_native	WT_Tfreq_iForest	WT_5mer	WT_y_iForest	KO_T_native	KO_T_iForest	KO_depth_stranded	KO_Tfreq_native	KO_Tfreq_iForest	KO_5mer	KO_y_iForest
0	chr1	4915683	[0, 258, 0, 32]	0.11	[0, 184, 0, 0]	0.0	UTR3	Lypla1	chr1	4915683.0	+	7.0	0.0	54.0	0.12962962962962962	0.0	CACAT	0.0	3.0	0.0	81.0	0.037037037037037035	0.0	CACAT	0.0
1	chr1	4915694	[0, 258, 0, 32]	0.11	[0, 183, 0, 0]	0.0	UTR3	Lypla1	chr1	4915694.0	+	7.0	4.0	51.0	0.13725490196078433	0.0784313725490196	TACTA	1.0	7.0	1.0	83.0	0.08433734939759037	0.012048192771084338	TACTA	0.0
3	chr1	4916384	[0, 164, 0, 19]	0.1	[0, 134, 0, 0]	0.0	UTR3	Lypla1	chr1	4916384.0	+	13.0	4.0	65.0	0.2	0.061538461538461535	TACTG	1.0	4.0	0.0	99.0	0.040404040404040414	0.0	TACTG	0.0
4	chr1	4967044	[0, 404, 0, 35]	0.08	[0, 325, 0, 0]	0.0	UTR3	Tcea1	chr1	4967044.0	+	10.0	8.0	106.0	0.09433962264150944	0.07547169811320754	AACTA	1.0	4.0	0.0	123.0	0.032520325203252036	0.0	AACTA	0.0
5	chr1	13636029	[0, 526, 0, 50]	0.09	[0, 337, 0, 0]	0.0	UTR3	Tram1	chr1	13636029.0	-	12.0	4.0	128.0	0.09375	0.03125	TACTA	1.0	1.0	0.0	123.0	0.008130081300813009	0.0	TACTA	0.0
8	chr1	37456656	[0, 370, 0, 18]	0.05	[1, 327, 0, 0]	0.0	UTR3	Coa5	chr1	37456656.0	-	7.0	3.0	79.0	0.08860759493670886	0.0379746835443038	GTCGT	1.0	8.0	0.0	100.0	0.08	0.0	GTCGT	0.0
9	chr1	37456733	[0, 329, 0, 18]	0.05	[0, 300, 0, 0]	0.0	UTR3	Coa5	chr1	37456733.0	-	7.0	0.0	69.0	0.10144927536231883	0.0	CACTA	0.0	9.0	1.0	81.0	0.1111111111111111	0.012345679012345678	CACTA	0.0
10	chr1	37457367	[0, 151, 0, 17]	0.1	[0, 162, 0, 0]	0.0	UTR3	Coa5	chr1	37457367.0	-	4.0	2.0	72.0	0.05555555555555555	0.027777777777777776	TACAT	1.0	2.0	0.0	80.0	0.025	0.0	TACAT	0.0
17	chr1	60426829	[0, 124, 0, 6]	0.05	[0, 78, 0, 0]	0.0	UTR3	Cyp20a1	chr1	60426829.0	+	9.0	1.0	71.0	0.1267605633802817	0.014084507042253518	AACAG	0.0	5.0	0.0	55.0	0.09090909090909093	0.0	AACAG	0.0
22	chr1	71618298	[0, 394, 0, 19]	0.05	[0, 308, 0, 0]	0.0	UTR3	Atic	chr1	71618298.0	+	15.0	7.0	151.0	0.09933774834437084	0.046357615894039736	TACTT	0.0	7.0	1.0	206.0	0.033980582524271837	0.0048543689320388345	TACTT	0.0
23	chr1	71618334	[0, 310, 0, 16]	0.05	[0, 237, 0, 0]	0.0	UTR3	Atic	chr1	71618334.0	+	12.0	5.0	154.0	0.07792207792207792	0.032467532467532464	GACTG	1.0	2.0	0.0	209.0	0.009569377990430622	0.0	GACTG	0.0
32	chr1	149705620	[0, 568, 0, 27]	0.05	[0, 518, 0, 0]	0.0	UTR3	Pla2g4a	chr1	149705620.0	-	7.0	4.0	100.0	0.07	0.04	GACAT	1.0	2.0	1.0	140.0	0.014285714285714284	0.0071428571428571435	GACAT	0.0
38	chr1	156257378	[0, 158, 0, 8]	0.05	[0, 136, 0, 0]	0.0	UTR3	Soat1	chr1	156257378.0	-	14.0	10.0	69.0	0.2028985507246377	0.14492753623188406	GACTA	1.0	3.0	2.0	90.0	0.03333333333333333	0.022222222222222227	GACTA	1.0
39	chr1	156257522	[0, 312, 0, 16]	0.05	[0, 219, 0, 0]	0.0	UTR3	Soat1	chr1	156257522.0	-	5.0	0.0	69.0	0.07246376811594203	0.0	TTCCT	0.0	2.0	0.0	87.0	0.02298850574712644	0.0	TTCCT	0.0
40	chr1	156257526	[0, 265, 0, 45]	0.15	[0, 225, 0, 0]	0.0	UTR3	Soat1	chr1	156257526.0	-	14.0	9.0	70.0	0.2	0.12857142857142856	GACTT	1.0	6.0	0.0	86.0	0.06976744186046513	0.0	GACTT	0.0
41	chr1	160030625	[0, 330, 0, 44]	0.12	[0, 298, 0, 1]	0.0	UTR3	Cacybp	chr1	160030625.0	-	21.0	9.0	91.0	0.2307692307692308	0.0989010989010989	TACAA	1.0	2.0	0.0	105.0	0.01904761904761905	0.0	TACAA	0.0
46	chr1	182103970	[0, 74, 0, 6]	0.07	[0, 59, 0, 0]	0.0	UTR3	Degs1	chr1	182103970.0	-	15.0	12.0	107.0	0.14018691588785046	0.11214953271028036	AACTG	1.0	4.0	2.0	156.0	0.02564102564102564	0.01282051282051282	AACTG	0.0
47	chr2	4943499	[0, 159, 0, 8]	0.05	[0, 124, 0, 0]	0.0	UTR3	Phyh	chr2	4943499.0	+	6.0	5.0	57.0	0.10526315789473684	0.08771929824561403	AACTA	1.0	3.0	0.0	99.0	0.030303030303030307	0.0	AACTA	0.0
54	chr2	29961312	[0, 516, 0, 32]	0.06	[0, 482, 0, 0]	0.0	UTR3	Set	chr2	29961312.0	+	14.0	3.0	207.0	0.06763285024154589	0.014492753623188406	TTCTT	0.0	15.0	1.0	374.0	0.04010695187165776	0.00267379679144385	TTCTT	0.0
59	chr2	72923800	[0, 521, 0, 32]	0.06	[0, 584, 0, 0]	0.0	UTR3	Ola1	chr2	72923800.0	-	14.0	12.0	107.0	0.1308411214953271	0.11214953271028036	TACTA	1.0	2.0	1.0	173.0	0.011560693641618495	0.005780346820809247	TACTA	0.0
61	chr2	72923940	[0, 335, 0, 16]	0.05	[0, 362, 0, 0]	0.0	UTR3	Ola1	chr2	72923940.0	-	9.0	2.0	112.0	0.08035714285714286	0.017857142857142856	TACAA	0.0	4.0	1.0	180.0	0.022222222222222227	0.005555555555555557	TACAA	0.0
68	chr2	103284413	[0, 94, 0, 15]	0.14	[0, 123, 0, 0]	0.0	UTR3	Cat	chr2	103284413.0	-	8.0	3.0	70.0	0.11428571428571427	0.042857142857142864	TACGC	1.0	3.0	0.0	189.0	0.015873015873015872	0.0	TACGC	0.0
73	chr2	121983199	[0, 2976, 0, 167]	0.05	[1, 2336, 0, 0]	0.0	UTR3	B2m	chr2	121983199.0	+	83.0	35.0	849.0	0.0977620730270907	0.04122497055359246	CACGC	1.0	14.0	1.0	798.0	0.017543859649122806	0.0012531328320802006	CACGC	0.0
74	chr2	121983221	[0, 2180, 0, 613]	0.22	[0, 2210, 0, 1]	0.0	UTR3	B2m	chr2	121983221.0	+	280.0	166.0	851.0	0.3290246768507638	0.19506462984723852	TACAC	1.0	29.0	2.0	815.0	0.035582822085889566	0.00245398773006135	TACAC	0.0
75	chr2	121983223	[0, 2565, 0, 154]	0.06	[0, 2048, 0, 1]	0.0	UTR3	B2m	chr2	121983223.0	+	105.0	48.0	895.0	0.11731843575418995	0.053631284916201116	CACAT	1.0	12.0	1.0	862.0	0.013921113689095129	0.001160092807424594	CACAT	0.0
76	chr2	121983285	[0, 1219, 0, 98]	0.07	[0, 908, 0, 0]	0.0	UTR3	B2m	chr2	121983285.0	+	131.0	48.0	887.0	0.14768883878241262	0.05411499436302142	ATCCT	1.0	9.0	2.0	864.0	0.010416666666666666	0.0023148148148148147	ATCCT	0.0
77	chr2	121983383	[0, 652, 0, 468]	0.42	[0, 714, 0, 1]	0.0	UTR3	B2m	chr2	121983383.0	+	71.0	42.0	244.0	0.29098360655737704	0.1721311475409836	TACTT	1.0	6.0	2.0	264.0	0.022727272727272728	0.007575757575757577	TACTT	0.0
89	chr2	151402936	[0, 122, 0, 6]	0.05	[0, 129, 0, 0]	0.0	UTR3	Fkbp1a	chr2	151402936.0	+	10.0	4.0	137.0	0.072992700729927	0.0291970802919708	GACAT	1.0	12.0	2.0	241.0	0.04979253112033195	0.008298755186721992	GACAT	0.0
90	chr2	151403246	[0, 205, 0, 13]	0.06	[0, 237, 0, 1]	0.0	UTR3	Fkbp1a	chr2	151403246.0	+	6.0	3.0	146.0	0.0410958904109589	0.02054794520547945	GACTT	1.0	2.0	1.0	262.0	0.0076335877862595426	0.0038167938931297713	GACTT	0.0
91	chr2	156230398	[0, 97, 0, 5]	0.05	[0, 87, 0, 0]	0.0	ncRNA_exonic	2900097C17Rik	chr2	156230398.0	-	9.0	5.0	54.0	0.16666666666666666	0.0925925925925926	TACTT	1.0	3.0	0.0	65.0	0.04615384615384616	0.0	TACTT	0.0
96	chr3	8995760	[0, 197, 0, 16]	0.08	[0, 135, 0, 0]	0.0	UTR3	Tpd52	chr3	8995760.0	-	6.0	4.0	54.0	0.1111111111111111	0.07407407407407407	TACAC	1.0	1.0	0.0	70.0	0.014285714285714284	0.0	TACAC	0.0
100	chr3	36503179	[0, 808, 0, 230]	0.22	[0, 663, 0, 0]	0.0	UTR3	Anxa5	chr3	36503179.0	-	85.0	51.0	337.0	0.2522255192878338	0.1513353115727003	AACTC	1.0	5.0	2.0	309.0	0.016181229773462782	0.0064724919093851144	AACTC	0.0
101	chr3	36503275	[0, 648, 0, 64]	0.09	[0, 333, 0, 1]	0.0	UTR3	Anxa5	chr3	36503275.0	-	70.0	23.0	334.0	0.20958083832335328	0.0688622754491018	GTCTA	1.0	38.0	3.0	312.0	0.1217948717948718	0.009615384615384616	GTCTA	0.0
102	chr3	36503332	[0, 919, 0, 113]	0.11	[2, 609, 0, 0]	0.0	UTR3	Anxa5	chr3	36503332.0	-	26.0	10.0	310.0	0.08387096774193549	0.03225806451612903	TACAG	1.0	6.0	0.0	297.0	0.020202020202020204	0.0	TACAG	0.0
103	chr3	36503374	[0, 975, 0, 52]	0.05	[0, 630, 1, 0]	0.0	UTR3	Anxa5	chr3	36503374.0	-	30.0	12.0	321.0	0.09345794392523364	0.037383177570093455	GTCTT	1.0	12.0	2.0	305.0	0.03934426229508197	0.006557377049180328	GTCTT	0.0
107	chr3	60537098	[0, 106, 0, 11]	0.09	[0, 52, 0, 0]	0.0	UTR3	Mbnl1	chr3	60537098.0	+	26.0	7.0	132.0	0.19696969696969696	0.05303030303030303	TACTG	1.0	1.0	0.0	107.0	0.009345794392523364	0.0	TACTG	0.0
108	chr3	65287290	[0, 314, 0, 47]	0.13	[0, 200, 0, 0]	0.0	UTR3	Ssr3	chr3	65287290.0	-	13.0	4.0	97.0	0.13402061855670105	0.041237113402061855	CTCTT	1.0	1.0	0.0	95.0	0.010526315789473684	0.0	CTCTT	0.0
109	chr3	67511089	[0, 267, 0, 23]	0.08	[0, 202, 0, 0]	0.0	UTR3	Mfsd1	chr3	67511089.0	+	9.0	0.0	72.0	0.125	0.0	CACTG	0.0	8.0	0.0	80.0	0.1	0.0	CACTG	0.0
113	chr3	95852748	[0, 407, 0, 27]	0.06	[0, 374, 0, 0]	0.0	UTR3	Anp32e	chr3	95852748.0	+	9.0	2.0	67.0	0.13432835820895522	0.02985074626865672	TTCTT	1.0	11.0	1.0	123.0	0.08943089430894309	0.008130081300813009	TTCTT	0.0
120	chr3	103086005	[0, 152, 0, 8]	0.05	[0, 118, 0, 0]	0.0	UTR3	Bcas2	chr3	103086005.0	+	4.0	3.0	100.0	0.04	0.03	GACAT	1.0	3.0	0.0	119.0	0.025210084033613446	0.0	GACAT	0.0
127	chr3	104732011	[0, 186, 0, 19]	0.09	[0, 101, 0, 0]	0.0	UTR3	Capza1	chr3	104732011.0	-	9.0	3.0	84.0	0.10714285714285714	0.03571428571428571	TACTG	1.0	3.0	0.0	127.0	0.023622047244094488	0.0	TACTG	0.0
138	chr3	137572304	[0, 461, 0, 27]	0.06	[0, 336, 0, 0]	0.0	UTR3	H2afz	chr3	137572304.0	+	56.0	38.0	615.0	0.0910569105691057	0.061788617886178863	CACAA	1.0	8.0	2.0	812.0	0.009852216748768471	0.0024630541871921183	CACAA	0.0
139	chr3	138262100	[0, 263, 0, 14]	0.05	[0, 245, 0, 0]	0.0	UTR3	Eif4e	chr3	138262100.0	+	11.0	1.0	67.0	0.16417910447761194	0.01492537313432836	CACTT	0.0	10.0	1.0	112.0	0.08928571428571429	0.008928571428571428	CACTT	0.0
140	chr3	144302754	[0, 1987, 0, 122]	0.06	[1, 1462, 0, 1]	0.0	UTR3	Selenof	chr3	144302754.0	+	30.0	16.0	246.0	0.12195121951219512	0.06504065040650407	ATCAC	1.0	9.0	0.0	267.0	0.033707865168539325	0.0	ATCAC	0.0
142	chr3	144303199	[0, 511, 0, 108]	0.17	[0, 493, 0, 0]	0.0	UTR3	Selenof	chr3	144303199.0	+	77.0	28.0	284.0	0.2711267605633803	0.09859154929577464	CACAT	1.0	33.0	6.0	293.0	0.11262798634812285	0.020477815699658702	CACAT	1.0
144	chr3	144303234	[0, 611, 0, 31]	0.05	[1, 442, 0, 0]	0.0	UTR3	Selenof	chr3	144303234.0	+	21.0	16.0	295.0	0.0711864406779661	0.05423728813559322	GACTG	1.0	7.0	1.0	309.0	0.022653721682847898	0.0032362459546925572	GACTG	0.0
145	chr3	144303386	[0, 91, 0, 8]	0.08	[0, 81, 0, 0]	0.0	UTR3	Selenof	chr3	144303386.0	+	41.0	18.0	273.0	0.15018315018315018	0.06593406593406594	TTCAC	1.0	12.0	1.0	287.0	0.041811846689895474	0.003484320557491289	TTCAC	0.0
146	chr3	144303388	[0, 80, 0, 18]	0.18	[0, 79, 0, 0]	0.0	UTR3	Selenof	chr3	144303388.0	+	56.0	29.0	274.0	0.2043795620437956	0.10583941605839416	CACTT	1.0	11.0	0.0	294.0	0.037414965986394565	0.0	CACTT	0.0
155	chr4	6394675	[0, 1149, 0, 73]	0.06	[0, 862, 0, 0]	0.0	UTR3	Sdcbp	chr4	6394675.0	+	9.0	5.0	191.0	0.04712041884816754	0.026178010471204192	GACCT	1.0	2.0	0.0	226.0	0.008849557522123894	0.0	GACCT	0.0
156	chr4	6395166	[0, 1506, 0, 102]	0.06	[1, 1024, 0, 0]	0.0	UTR3	Sdcbp	chr4	6395166.0	+	41.0	12.0	237.0	0.1729957805907173	0.05063291139240506	AACTA	0.0	31.0	3.0	250.0	0.124	0.012	AACTA	0.0
157	chr4	6395221	[0, 778, 0, 45]	0.05	[0, 582, 0, 0]	0.0	UTR3	Sdcbp	chr4	6395221.0	+	24.0	18.0	237.0	0.10126582278481013	0.0759493670886076	AACTT	1.0	1.0	0.0	254.0	0.003937007874015748	0.0	AACTT	0.0
175	chr4	59041429	[0, 63, 0, 4]	0.06	[0, 60, 0, 0]	0.0	UTR3	Gm20503;Gng10	chr4	59041429.0	+	1.0	0.0	53.0	0.018867924528301886	0.0	AACTA	0.0	1.0	0.0	85.0	0.011764705882352941	0.0	AACTA	0.0
179	chr4	63468813	[0, 506, 0, 24]	0.05	[0, 328, 0, 0]	0.0	UTR3	Atp6v1g1	chr4	63468813.0	+	20.0	8.0	187.0	0.106951871657754	0.0427807486631016	TACGA	1.0	7.0	0.0	149.0	0.04697986577181208	0.0	TACGA	0.0
180	chr4	63468877	[0, 174, 0, 11]	0.06	[0, 74, 0, 0]	0.0	UTR3	Atp6v1g1	chr4	63468877.0	+	20.0	9.0	186.0	0.10752688172043012	0.04838709677419355	AACTT	1.0	9.0	0.0	148.0	0.060810810810810814	0.0	AACTT	0.0
184	chr4	107057936	[0, 288, 0, 28]	0.09	[0, 214, 0, 0]	0.0	UTR3	Tmem59	chr4	107057936.0	+	25.0	8.0	128.0	0.1953125	0.0625	TACTT	0.0	8.0	0.0	151.0	0.052980132450331126	0.0	TACTT	0.0
185	chr4	107901384	[0, 211, 0, 10]	0.05	[0, 136, 0, 0]	0.0	UTR3	Scp2	chr4	107901384.0	-	1.0	0.0	68.0	0.014705882352941175	0.0	TACAA	0.0	2.0	0.0	76.0	0.02631578947368421	0.0	TACAA	0.0
187	chr4	114818048	[0, 100, 0, 28]	0.22	[0, 73, 0, 0]	0.0	UTR3	Cmpk1	chr4	114818048.0	-	8.0	2.0	112.0	0.07142857142857142	0.017857142857142856	TTCTT	0.0	3.0	1.0	139.0	0.02158273381294964	0.007194244604316547	TTCTT	0.0
188	chr4	114818089	[0, 105, 0, 5]	0.05	[0, 86, 0, 0]	0.0	UTR3	Cmpk1	chr4	114818089.0	-	13.0	5.0	133.0	0.09774436090225563	0.03759398496240601	TTCTT	1.0	4.0	0.0	130.0	0.030769230769230767	0.0	TTCTT	0.0
189	chr4	114818737	[0, 430, 0, 28]	0.06	[0, 368, 0, 0]	0.0	UTR3	Cmpk1	chr4	114818737.0	-	6.0	4.0	127.0	0.047244094488188976	0.031496062992125984	CACAG	1.0	1.0	0.0	120.0	0.008333333333333333	0.0	CACAG	0.0
190	chr4	114818739	[0, 429, 0, 54]	0.11	[0, 370, 0, 0]	0.0	UTR3	Cmpk1	chr4	114818739.0	-	13.0	6.0	128.0	0.1015625	0.046875	TACAC	1.0	1.0	0.0	123.0	0.008130081300813009	0.0	TACAC	0.0
193	chr4	126924089	[0, 156, 0, 38]	0.2	[0, 106, 0, 0]	0.0	UTR3	Sfpq	chr4	126924089.0	+	29.0	11.0	111.0	0.2612612612612613	0.0990990990990991	AACTT	1.0	12.0	2.0	74.0	0.16216216216216214	0.027027027027027032	AACTT	1.0
196	chr4	134625522	[0, 227, 0, 11]	0.05	[0, 192, 0, 0]	0.0	UTR3	Tmem50a	chr4	134625522.0	-	11.0	5.0	113.0	0.09734513274336284	0.04424778761061947	GACGT	1.0	11.0	1.0	135.0	0.08148148148148149	0.007407407407407408	GACGT	0.0
197	chr4	134625584	[0, 357, 0, 22]	0.06	[0, 281, 0, 0]	0.0	UTR3	Tmem50a	chr4	134625584.0	-	10.0	6.0	115.0	0.08695652173913042	0.052173913043478265	TACTG	1.0	2.0	0.0	136.0	0.014705882352941175	0.0	TACTG	0.0
198	chr4	134941818	[0, 318, 0, 15]	0.05	[1, 225, 0, 0]	0.0	UTR3	Clic4	chr4	134941818.0	-	2.0	2.0	73.0	0.0273972602739726	0.0273972602739726	TACAC	1.0	1.0	0.0	175.0	0.005714285714285714	0.0	TACAC	0.0
201	chr4	136067680	[0, 199, 0, 15]	0.07	[0, 160, 0, 0]	0.0	UTR3	Hnrnpr	chr4	136067680.0	+	12.0	8.0	73.0	0.1643835616438356	0.1095890410958904	TACAT	1.0	5.0	1.0	68.0	0.07352941176470587	0.014705882352941175	TACAT	0.0
210	chr5	32649120	[0, 250, 0, 15]	0.06	[0, 165, 0, 0]	0.0	UTR3	Ppp1cb	chr5	32649120.0	+	3.0	1.0	53.0	0.05660377358490566	0.018867924528301886	CACTC	0.0	1.0	0.0	60.0	0.016666666666666666	0.0	CACTC	0.0
218	chr5	77114693	[0, 1275, 0, 69]	0.05	[0, 866, 0, 1]	0.0	UTR3	Paics	chr5	77114693.0	+	20.0	7.0	277.0	0.07220216606498195	0.02527075812274368	TACGT	1.0	9.0	1.0	292.0	0.030821917808219176	0.003424657534246575	TACGT	0.0
219	chr5	77115001	[0, 1458, 0, 99]	0.06	[0, 913, 0, 0]	0.0	UTR3	Paics	chr5	77115001.0	+	39.0	11.0	288.0	0.13541666666666666	0.03819444444444445	CACGC	1.0	6.0	0.0	323.0	0.018575851393188854	0.0	CACGC	0.0
220	chr5	77115311	[0, 365, 0, 30]	0.08	[0, 194, 0, 0]	0.0	UTR3	Paics	chr5	77115311.0	+	34.0	22.0	289.0	0.1176470588235294	0.07612456747404844	AACTG	1.0	2.0	1.0	313.0	0.006389776357827476	0.003194888178913738	AACTG	0.0
221	chr5	84271804	[0, 27, 0, 23]	0.46	[0, 50, 0, 0]	0.0	intronic	Epha5	chr5	84271804.0	+	45.0	23.0	126.0	0.35714285714285715	0.18253968253968253	TACTA	1.0	5.0	0.0	239.0	0.02092050209205021	0.0	TACTA	0.0
228	chr5	93330058	[0, 319, 0, 29]	0.08	[0, 244, 0, 0]	0.0	UTR3	Ccni	chr5	93330058.0	-	12.0	7.0	130.0	0.09230769230769233	0.05384615384615385	AACTG	1.0	8.0	1.0	155.0	0.05161290322580645	0.0064516129032258064	AACTG	0.0
238	chr5	143491619	[0, 298, 0, 16]	0.05	[0, 211, 0, 0]	0.0	UTR3	Daglb;Rac1	chr5	143491619.0	-	12.0	4.0	91.0	0.13186813186813187	0.04395604395604396	AACTA	0.0	2.0	0.0	89.0	0.02247191011235955	0.0	AACTA	0.0
239	chr5	143491627	[0, 256, 0, 28]	0.1	[0, 194, 0, 0]	0.0	UTR3	Daglb;Rac1	chr5	143491627.0	-	3.0	1.0	96.0	0.03125	0.010416666666666666	TTCCT	0.0	2.0	0.0	98.0	0.020408163265306117	0.0	TTCCT	0.0
246	chr6	13869969	[0, 89, 0, 57]	0.39	[0, 84, 0, 0]	0.0	UTR3	2610001J05Rik	chr6	13869969.0	-	36.0	26.0	74.0	0.4864864864864865	0.35135135135135137	TACTT	1.0	2.0	0.0	63.0	0.031746031746031744	0.0	TACTT	0.0
255	chr6	35486945	[0, 383, 0, 35]	0.08	[0, 292, 0, 1]	0.0	UTR3	Mtpn	chr6	35486945.0	-	10.0	5.0	85.0	0.1176470588235294	0.05882352941176471	AACAT	1.0	2.0	0.0	117.0	0.017094017094017096	0.0	AACAT	0.0
256	chr6	35487433	[0, 396, 0, 30]	0.07	[0, 272, 0, 1]	0.0	UTR3	Mtpn	chr6	35487433.0	-	10.0	7.0	79.0	0.12658227848101267	0.08860759493670886	AACAG	1.0	1.0	0.0	101.0	0.0099009900990099	0.0	AACAG	0.0
259	chr6	51459917	[0, 102, 0, 5]	0.05	[0, 54, 0, 0]	0.0	UTR3	Cbx3	chr6	51459917.0	+	5.0	1.0	81.0	0.061728395061728385	0.012345679012345678	AACTG	0.0	3.0	1.0	88.0	0.03409090909090909	0.011363636363636364	AACTG	0.0
267	chr6	86714447	[0, 629, 0, 54]	0.08	[0, 413, 0, 0]	0.0	UTR3	Anxa4	chr6	86714447.0	-	14.0	9.0	106.0	0.1320754716981132	0.08490566037735849	TACTA	1.0	6.0	1.0	114.0	0.05263157894736842	0.008771929824561403	TACTA	0.0
271	chr6	86714643	[0, 513, 0, 27]	0.05	[1, 317, 0, 0]	0.0	UTR3	Anxa4	chr6	86714643.0	-	3.0	0.0	127.0	0.023622047244094488	0.0	TTCCA	0.0	1.0	0.0	155.0	0.0064516129032258064	0.0	TTCCA	0.0
272	chr6	87976624	[0, 380, 0, 31]	0.08	[0, 264, 0, 0]	0.0	ncRNA_intronic	Gm5577	chr6	87976624.0	-	32.0	20.0	299.0	0.10702341137123746	0.06688963210702341	GACTT	1.0	12.0	1.0	285.0	0.042105263157894736	0.003508771929824561	GACTT	0.0
273	chr6	87976662	[0, 425, 0, 135]	0.24	[0, 425, 0, 0]	0.0	ncRNA_intronic	Gm5577	chr6	87976662.0	-	54.0	27.0	277.0	0.19494584837545129	0.09747292418772564	TACAG	1.0	1.0	1.0	285.0	0.003508771929824561	0.003508771929824561	TACAG	0.0
274	chr6	87976841	[0, 336, 0, 32]	0.09	[0, 250, 0, 0]	0.0	ncRNA_intronic	Gm5577	chr6	87976841.0	-	51.0	34.0	269.0	0.1895910780669145	0.12639405204460966	ATCTT	1.0	28.0	12.0	281.0	0.099644128113879	0.04270462633451957	ATCTT	1.0
275	chr6	87976854	[0, 298, 0, 20]	0.06	[0, 211, 0, 0]	0.0	ncRNA_intronic	Gm5577	chr6	87976854.0	-	46.0	11.0	267.0	0.17228464419475656	0.041198501872659166	TTCTT	1.0	26.0	1.0	282.0	0.09219858156028367	0.0035460992907801413	TTCTT	0.0
276	chr6	91735541	[0, 545, 0, 57]	0.09	[0, 392, 0, 0]	0.0	UTR3	Slc6a6	chr6	91735541.0	+	23.0	12.0	119.0	0.19327731092436976	0.10084033613445377	AACAA	1.0	7.0	0.0	111.0	0.06306306306306306	0.0	AACAA	0.0
277	chr6	108799577	[0, 652, 0, 125]	0.16	[0, 625, 0, 1]	0.0	UTR3	Arl8b	chr6	108799577.0	+	33.0	24.0	205.0	0.16097560975609754	0.11707317073170732	GACCT	1.0	2.0	0.0	194.0	0.010309278350515464	0.0	GACCT	0.0
281	chr6	125437478	[0, 939, 0, 64]	0.06	[0, 672, 0, 0]	0.0	UTR3	Cd9	chr6	125437478.0	-	71.0	32.0	506.0	0.14031620553359686	0.06324110671936757	GACAT	1.0	25.0	2.0	552.0	0.04528985507246377	0.0036231884057971015	GACAT	0.0
282	chr6	125437504	[0, 902, 0, 47]	0.05	[0, 677, 0, 1]	0.0	UTR3	Cd9	chr6	125437504.0	-	20.0	8.0	488.0	0.04098360655737705	0.016393442622950817	GTCTT	0.0	13.0	1.0	539.0	0.02411873840445269	0.0018552875695732839	GTCTT	0.0
286	chr6	146933316	[0, 296, 0, 16]	0.05	[0, 228, 0, 0]	0.0	UTR3	Ppfibp1	chr6	146933316.0	+	10.0	2.0	67.0	0.14925373134328354	0.02985074626865672	TACCA	1.0	8.0	2.0	65.0	0.12307692307692307	0.030769230769230767	TACCA	1.0
287	chr7	5082670	[0, 449, 0, 32]	0.07	[0, 362, 0, 0]	0.0	UTR3	U2af2	chr7	5082670.0	+	11.0	5.0	128.0	0.0859375	0.0390625	AACAT	1.0	1.0	0.0	191.0	0.005235602094240838	0.0	AACAT	0.0
294	chr7	99488259	[0, 282, 0, 22]	0.07	[0, 212, 0, 0]	0.0	UTR3	Spcs2	chr7	99488259.0	-	9.0	5.0	142.0	0.06338028169014084	0.035211267605633804	TACTT	0.0	3.0	0.0	133.0	0.022556390977443608	0.0	TACTT	0.0
295	chr7	99488301	[0, 271, 0, 30]	0.1	[0, 206, 0, 0]	0.0	UTR3	Spcs2	chr7	99488301.0	-	20.0	8.0	141.0	0.14184397163120568	0.056737588652482275	TACAA	1.0	2.0	1.0	134.0	0.01492537313432836	0.00746268656716418	TACAA	0.0
299	chr7	113815037	[0, 218, 0, 26]	0.11	[0, 188, 0, 0]	0.0	UTR3	Copb1	chr7	113815037.0	-	6.0	5.0	54.0	0.1111111111111111	0.0925925925925926	TACTC	1.0	1.0	0.0	73.0	0.0136986301369863	0.0	TACTC	0.0
303	chr7	126579530	[0, 144, 0, 9]	0.06	[0, 102, 0, 0]	0.0	downstream	Cdipt	chr7	126579530.0	+	7.0	5.0	53.0	0.1320754716981132	0.09433962264150944	CACTT	1.0	1.0	0.0	71.0	0.014084507042253518	0.0	CACTT	0.0
310	chr8	13428389	[0, 105, 0, 5]	0.05	[0, 66, 0, 0]	0.0	UTR3	Tfdp1	chr8	13428389.0	+	3.0	2.0	68.0	0.04411764705882353	0.029411764705882356	GACTT	1.0	3.0	0.0	88.0	0.03409090909090909	0.0	GACTT	0.0
315	chr8	41793880	[0, 74, 0, 5]	0.06	[0, 57, 0, 0]	0.0	UTR3	Asah1	chr8	41793880.0	-	4.0	2.0	60.0	0.06666666666666668	0.03333333333333333	TACAA	1.0	1.0	1.0	68.0	0.014705882352941175	0.014705882352941175	TACAA	0.0
316	chr8	57967430	[0, 59, 0, 3]	0.05	[0, 61, 0, 0]	0.0	UTR3	Hmgb2	chr8	57967430.0	+	4.0	2.0	182.0	0.02197802197802198	0.01098901098901099	AACTT	0.0	2.0	0.0	258.0	0.007751937984496123	0.0	AACTT	0.0
317	chr8	57967433	[0, 61, 0, 3]	0.05	[0, 62, 0, 0]	0.0	UTR3	Hmgb2	chr8	57967433.0	+	2.0	2.0	192.0	0.010416666666666666	0.010416666666666666	TTCAT	0.0	3.0	0.0	271.0	0.011070110701107009	0.0	TTCAT	0.0
325	chr9	7793598	[0, 137, 0, 7]	0.05	[0, 107, 0, 0]	0.0	UTR3	Tmem123	chr9	7793598.0	+	5.0	3.0	68.0	0.07352941176470587	0.04411764705882353	TACTT	0.0	3.0	0.0	92.0	0.03260869565217391	0.0	TACTT	0.0
336	chr9	56043382	[0, 206, 0, 30]	0.13	[0, 163, 0, 0]	0.0	UTR3	Tspan3	chr9	56043382.0	-	7.0	4.0	64.0	0.109375	0.0625	ATCAA	1.0	1.0	0.0	58.0	0.017241379310344827	0.0	ATCAA	0.0
337	chr9	56043464	[0, 108, 0, 12]	0.1	[0, 97, 0, 0]	0.0	UTR3	Tspan3	chr9	56043464.0	-	10.0	4.0	61.0	0.16393442622950818	0.06557377049180327	AACAT	1.0	4.0	3.0	71.0	0.056338028169014086	0.04225352112676056	AACAT	1.0
338	chr9	58559476	[0, 373, 0, 35]	0.09	[0, 308, 0, 1]	0.0	UTR3	Nptn	chr9	58559476.0	+	16.0	9.0	114.0	0.14035087719298245	0.07894736842105263	AACGC	1.0	4.0	0.0	153.0	0.026143790849673203	0.0	AACGC	0.0
339	chr9	58559490	[0, 343, 0, 19]	0.05	[0, 272, 0, 0]	0.0	UTR3	Nptn	chr9	58559490.0	+	37.0	6.0	109.0	0.3394495412844037	0.05504587155963303	ATCTA	1.0	41.0	3.0	151.0	0.271523178807947	0.019867549668874173	ATCTA	0.0
346	chr9	65809178	[0, 426, 0, 48]	0.1	[0, 337, 0, 0]	0.0	UTR3	Pclaf	chr9	65809178.0	+	23.0	11.0	130.0	0.17692307692307693	0.08461538461538462	TACTG	1.0	6.0	2.0	216.0	0.027777777777777776	0.009259259259259259	TACTG	0.0
362	chr9	108214644	[0, 315, 0, 17]	0.05	[0, 247, 0, 0]	0.0	ncRNA_intronic	Gm37401	chr9	108214644.0	+	3.0	1.0	92.0	0.03260869565217391	0.010869565217391304	TTCCT	0.0	1.0	0.0	144.0	0.006944444444444444	0.0	TTCCT	0.0
364	chr9	120789138	[0, 662, 0, 626]	0.49	[2, 823, 0, 1]	0.0	UTR3	Ctnnb1	chr9	120789138.0	+	151.0	122.0	261.0	0.578544061302682	0.4674329501915709	GACTT	1.0	19.0	2.0	312.0	0.0608974358974359	0.00641025641025641	GACTT	0.0
365	chr9	120789166	[0, 812, 0, 211]	0.21	[0, 604, 0, 0]	0.0	UTR3	Ctnnb1	chr9	120789166.0	+	74.0	43.0	269.0	0.27509293680297403	0.15985130111524162	AACTG	1.0	14.0	4.0	309.0	0.0453074433656958	0.012944983818770229	AACTG	0.0
374	chr10	57391969	[0, 151, 0, 8]	0.05	[0, 107, 0, 0]	0.0	UTR3	Serinc1	chr10	57391969.0	-	4.0	3.0	67.0	0.059701492537313425	0.04477611940298507	TACTA	1.0	2.0	0.0	60.0	0.03333333333333333	0.0	TACTA	0.0
375	chr10	57392081	[0, 87, 0, 88]	0.5	[0, 96, 0, 0]	0.0	UTR3	Serinc1	chr10	57392081.0	-	39.0	18.0	62.0	0.6290322580645161	0.2903225806451613	GACTA	1.0	3.0	1.0	65.0	0.04615384615384616	0.015384615384615384	GACTA	0.0
378	chr10	60934632	[0, 801, 0, 54]	0.06	[0, 537, 0, 0]	0.0	UTR3	Sgpl1	chr10	60934632.0	-	6.0	3.0	140.0	0.042857142857142864	0.021428571428571432	AACAC	1.0	1.0	0.0	124.0	0.008064516129032258	0.0	AACAC	0.0
389	chr11	20012745	[0, 251, 0, 12]	0.05	[0, 213, 0, 0]	0.0	UTR3	Actr2	chr11	20012745.0	-	6.0	4.0	109.0	0.05504587155963303	0.03669724770642202	GACTG	1.0	8.0	1.0	124.0	0.06451612903225806	0.008064516129032258	GACTG	0.0
393	chr11	20175333	[0, 392, 0, 43]	0.1	[0, 318, 0, 0]	0.0	UTR3	Rab1a	chr11	20175333.0	+	28.0	13.0	187.0	0.1497326203208556	0.06951871657754011	CACTA	1.0	23.0	5.0	270.0	0.08518518518518517	0.018518518518518517	CACTA	0.0
394	chr11	29692507	[0, 510, 0, 47]	0.08	[0, 373, 0, 1]	0.0	UTR3	Rtn4	chr11	29692507.0	+	23.0	14.0	143.0	0.16083916083916086	0.0979020979020979	TACTG	1.0	2.0	1.0	208.0	0.009615384615384616	0.004807692307692308	TACTG	0.0
395	chr11	29692828	[0, 299, 0, 17]	0.05	[0, 250, 0, 0]	0.0	UTR3	Rtn4	chr11	29692828.0	+	15.0	10.0	160.0	0.09375	0.0625	GACTT	1.0	3.0	2.0	222.0	0.013513513513513514	0.009009009009009007	GACTT	0.0
396	chr11	29692881	[0, 153, 0, 8]	0.05	[0, 149, 0, 0]	0.0	UTR3	Rtn4	chr11	29692881.0	+	13.0	12.0	158.0	0.08227848101265822	0.0759493670886076	AACTG	1.0	2.0	0.0	222.0	0.009009009009009007	0.0	AACTG	0.0
398	chr11	46619454	[0, 67, 0, 4]	0.06	[0, 52, 0, 0]	0.0	intergenic	Timd2;Havcr1	chr11	46619454.0	+	1.0	1.0	96.0	0.010416666666666666	0.010416666666666666	AACTA	0.0	1.0	0.0	99.0	0.010101010101010102	0.0	AACTA	0.0
400	chr11	52137422	[0, 303, 0, 15]	0.05	[1, 227, 0, 0]	0.0	ncRNA_intronic	Gm26551	chr11	52137422.0	+	4.0	2.0	81.0	0.04938271604938271	0.02469135802469136	TACTA	0.0	2.0	0.0	120.0	0.016666666666666666	0.0	TACTA	0.0
417	chr12	33026227	[0, 58, 0, 3]	0.05	[0, 66, 0, 0]	0.0	UTR3	Sypl	chr12	33026227.0	+	6.0	2.0	86.0	0.06976744186046513	0.02325581395348837	GACTG	1.0	1.0	1.0	76.0	0.013157894736842105	0.013157894736842105	GACTG	0.0
418	chr12	33026255	[0, 77, 0, 4]	0.05	[0, 67, 0, 0]	0.0	UTR3	Sypl	chr12	33026255.0	+	2.0	0.0	67.0	0.02985074626865672	0.0	TTCTA	0.0	1.0	0.0	55.0	0.01818181818181818	0.0	TTCTA	0.0
419	chr12	33026295	[0, 117, 0, 6]	0.05	[0, 90, 0, 0]	0.0	UTR3	Sypl	chr12	33026295.0	+	9.0	3.0	78.0	0.1153846153846154	0.038461538461538464	GTCTT	1.0	4.0	1.0	72.0	0.05555555555555555	0.013888888888888888	GTCTT	0.0
421	chr12	54692685	[0, 785, 0, 92]	0.1	[0, 467, 0, 0]	0.0	UTR3	Sptssa	chr12	54692685.0	-	24.0	13.0	229.0	0.10480349344978164	0.05676855895196506	AACTC	1.0	2.0	0.0	222.0	0.009009009009009007	0.0	AACTC	0.0
422	chr12	54692931	[0, 383, 0, 29]	0.07	[0, 190, 0, 0]	0.0	UTR3	Sptssa	chr12	54692931.0	-	25.0	6.0	223.0	0.11210762331838564	0.02690582959641256	GACTG	1.0	9.0	2.0	211.0	0.04265402843601896	0.009478672985781993	GACTG	0.0
423	chr12	54692963	[0, 305, 0, 76]	0.2	[0, 198, 0, 0]	0.0	UTR3	Sptssa	chr12	54692963.0	-	62.0	46.0	221.0	0.28054298642533937	0.2081447963800905	TACTT	1.0	4.0	1.0	213.0	0.018779342723004692	0.004694835680751174	TACTT	0.0
428	chr12	85389705	[0, 113, 0, 12]	0.1	[0, 75, 0, 0]	0.0	UTR3	Tmed10	chr12	85389705.0	-	9.0	8.0	138.0	0.06521739130434782	0.05797101449275361	TACAT	1.0	1.0	0.0	160.0	0.00625	0.0	TACAT	0.0
436	chr13	38684812	[0, 375, 0, 128]	0.25	[0, 359, 0, 0]	0.0	UTR3	Txndc5	chr13	38684812.0	-	20.0	6.0	92.0	0.21739130434782608	0.06521739130434782	TTCTT	1.0	2.0	0.0	97.0	0.020618556701030927	0.0	TTCTT	0.0
438	chr13	47239196	[0, 337, 0, 35]	0.09	[0, 247, 0, 0]	0.0	UTR3	Dek	chr13	47239196.0	-	12.0	12.0	76.0	0.15789473684210525	0.15789473684210525	GACTA	1.0	1.0	0.0	105.0	0.009523809523809523	0.0	GACTA	0.0
444	chr13	58273742	[0, 217, 0, 23]	0.1	[0, 171, 0, 0]	0.0	UTR3	Hnrnpa0	chr13	58273742.0	-	7.0	5.0	56.0	0.125	0.08928571428571429	AACAT	1.0	1.0	0.0	57.0	0.017543859649122806	0.0	AACAT	0.0
446	chr13	64511709	[0, 241, 0, 22]	0.08	[0, 262, 0, 0]	0.0	UTR3	Ctsl	chr13	64511709.0	-	24.0	13.0	136.0	0.17647058823529413	0.09558823529411764	AACTT	1.0	14.0	2.0	261.0	0.05363984674329502	0.007662835249042145	AACTT	0.0
447	chr13	74451771	[0, 340, 0, 55]	0.14	[0, 261, 0, 1]	0.0	UTR3	Pdcd6	chr13	74451771.0	-	14.0	6.0	100.0	0.14	0.06	GTCTA	1.0	4.0	0.0	102.0	0.0392156862745098	0.0	GTCTA	0.0
454	chr14	13670266	[0, 163, 0, 13]	0.07	[0, 93, 0, 0]	0.0	intergenic	4930455B14Rik;AC158531.2	chr14	13670266.0	+	23.0	9.0	699.0	0.03290414878397712	0.012875536480686695	AACTT	0.0	20.0	2.0	810.0	0.02469135802469136	0.0024691358024691358	AACTT	0.0
456	chr14	21498370	[0, 65, 0, 5]	0.07	[0, 54, 0, 0]	0.0	UTR3	Adk	chr14	21498370.0	+	5.0	3.0	56.0	0.08928571428571429	0.05357142857142857	AACAT	1.0	1.0	0.0	57.0	0.017543859649122806	0.0	AACAT	0.0
458	chr14	26377387	[0, 306, 0, 17]	0.05	[0, 238, 0, 0]	0.0	UTR3	Arf4	chr14	26377387.0	+	6.0	3.0	125.0	0.048	0.024	AACCT	1.0	2.0	0.0	150.0	0.013333333333333334	0.0	AACCT	0.0
459	chr14	29696720	[0, 168, 0, 18]	0.1	[0, 85, 0, 0]	0.0	UTR3	Selenok	chr14	29696720.0	+	11.0	4.0	122.0	0.09016393442622953	0.032786885245901634	AACTT	1.0	7.0	0.0	118.0	0.059322033898305086	0.0	AACTT	0.0
468	chr14	63382117	[0, 184, 0, 9]	0.05	[0, 168, 0, 0]	0.0	UTR3	Ctsb	chr14	63382117.0	+	6.0	2.0	54.0	0.1111111111111111	0.037037037037037035	GACTA	1.0	4.0	1.0	70.0	0.057142857142857134	0.014285714285714284	GACTA	0.0
477	chr14	122396392	[0, 288, 0, 16]	0.05	[0, 225, 0, 0]	0.0	UTR3	Tm9sf2	chr14	122396392.0	+	6.0	2.0	63.0	0.09523809523809523	0.031746031746031744	TACGA	1.0	1.0	0.0	58.0	0.017241379310344827	0.0	TACGA	0.0
478	chr15	4183575	[0, 553, 0, 239]	0.3	[0, 403, 0, 0]	0.0	UTR3	Oxct1	chr15	4183575.0	+	40.0	20.0	175.0	0.22857142857142854	0.11428571428571427	GACTT	1.0	7.0	1.0	160.0	0.04375	0.00625	GACTT	0.0
480	chr15	4183636	[0, 787, 0, 61]	0.07	[0, 509, 0, 0]	0.0	UTR3	Oxct1	chr15	4183636.0	+	17.0	9.0	141.0	0.12056737588652483	0.06382978723404255	GACTA	1.0	2.0	0.0	122.0	0.016393442622950817	0.0	GACTA	0.0
481	chr15	4183736	[0, 727, 0, 41]	0.05	[0, 469, 0, 0]	0.0	UTR3	Oxct1	chr15	4183736.0	+	14.0	7.0	125.0	0.11199999999999999	0.055999999999999994	TACTC	1.0	5.0	2.0	109.0	0.045871559633027525	0.01834862385321101	TACTC	0.0
489	chr15	36772847	[0, 134, 0, 10]	0.07	[0, 144, 0, 0]	0.0	UTR3	Ywhaz	chr15	36772847.0	-	4.0	1.0	83.0	0.04819277108433735	0.012048192771084338	TACTT	0.0	2.0	0.0	96.0	0.02083333333333333	0.0	TACTT	0.0
490	chr15	36999716	[0, 72, 0, 4]	0.05	[0, 73, 0, 0]	0.0	UTR3	Zfp706	chr15	36999716.0	-	3.0	1.0	52.0	0.0576923076923077	0.019230769230769232	ATCGC	0.0	2.0	1.0	60.0	0.03333333333333333	0.016666666666666666	ATCGC	0.0
493	chr15	38692148	[0, 123, 0, 18]	0.13	[0, 81, 0, 0]	0.0	UTR3	Atp6v1c1	chr15	38692148.0	+	16.0	6.0	81.0	0.19753086419753085	0.07407407407407407	TACTG	1.0	5.0	2.0	118.0	0.0423728813559322	0.01694915254237288	TACTG	0.0
494	chr15	43141776	[0, 732, 0, 37]	0.05	[0, 494, 0, 0]	0.0	exonic	Eif3e	chr15	43141776.0	-	24.0	4.0	195.0	0.12307692307692307	0.020512820512820516	TTCTT	1.0	18.0	3.0	209.0	0.0861244019138756	0.014354066985645932	TTCTT	0.0
498	chr15	59202978	[0, 287, 0, 87]	0.23	[0, 240, 0, 0]	0.0	UTR3	Sqle	chr15	59202978.0	+	13.0	2.0	74.0	0.17567567567567569	0.027027027027027032	TTCTT	1.0	9.0	0.0	103.0	0.08737864077669902	0.0	TTCTT	0.0
506	chr15	99306501	[0, 225, 0, 74]	0.25	[0, 246, 0, 0]	0.0	UTR3	Tmbim6	chr15	99306501.0	+	25.0	15.0	152.0	0.16447368421052633	0.0986842105263158	TACTT	1.0	1.0	0.0	210.0	0.0047619047619047615	0.0	TACTT	0.0
517	chr16	32450852	[0, 495, 0, 27]	0.05	[0, 442, 0, 0]	0.0	UTR3	Tfrc	chr16	32450852.0	+	7.0	1.0	76.0	0.09210526315789473	0.013157894736842105	TTCTT	0.0	2.0	0.0	94.0	0.02127659574468085	0.0	TTCTT	0.0
521	chr16	43907686	[0, 807, 0, 99]	0.11	[0, 520, 0, 0]	0.0	UTR3	Atp6v1a	chr16	43907686.0	-	20.0	20.0	178.0	0.11235955056179776	0.11235955056179776	GACTA	1.0	2.0	0.0	165.0	0.01212121212121212	0.0	GACTA	0.0
549	chr17	71281181	[0, 712, 0, 54]	0.07	[0, 632, 0, 0]	0.0	ncRNA_intronic	Gm26561	chr17	71281181.0	-	31.0	12.0	159.0	0.1949685534591195	0.07547169811320754	CACTT	1.0	9.0	1.0	168.0	0.05357142857142857	0.005952380952380952	CACTT	0.0
550	chr17	74507910	[0, 419, 0, 27]	0.06	[0, 308, 0, 0]	0.0	UTR3	Memo1	chr17	74507910.0	-	4.0	3.0	145.0	0.027586206896551724	0.020689655172413796	CACTC	1.0	1.0	0.0	139.0	0.007194244604316547	0.0	CACTC	0.0
551	chr17	74507943	[0, 434, 0, 40]	0.08	[0, 318, 0, 0]	0.0	UTR3	Memo1	chr17	74507943.0	-	16.0	12.0	143.0	0.11188811188811187	0.08391608391608392	GACTT	1.0	3.0	0.0	141.0	0.02127659574468085	0.0	GACTT	0.0
567	chr18	35939306	[0, 128, 0, 11]	0.08	[0, 78, 0, 0]	0.0	UTR3	Ube2d2a	chr18	35939306.0	+	3.0	2.0	92.0	0.03260869565217391	0.021739130434782608	TACAT	1.0	1.0	0.0	93.0	0.010752688172043013	0.0	TACAT	0.0
568	chr18	38597681	[0, 193, 0, 20]	0.09	[0, 122, 0, 0]	0.0	downstream	Ndfip1	chr18	38597681.0	+	7.0	4.0	60.0	0.11666666666666667	0.06666666666666668	CTCAA	1.0	1.0	0.0	68.0	0.014705882352941175	0.0	CTCAA	0.0
569	chr18	38598115	[0, 210, 0, 28]	0.12	[0, 131, 0, 0]	0.0	downstream	Ndfip1	chr18	38598115.0	+	13.0	7.0	70.0	0.18571428571428567	0.1	TACTC	1.0	1.0	0.0	74.0	0.013513513513513514	0.0	TACTC	0.0
570	chr18	38598131	[0, 184, 0, 9]	0.05	[0, 105, 0, 0]	0.0	downstream	Ndfip1	chr18	38598131.0	+	6.0	2.0	69.0	0.08695652173913042	0.028985507246376805	AACTG	1.0	2.0	1.0	74.0	0.027027027027027032	0.013513513513513514	AACTG	0.0
588	chr19	20350920	[0, 353, 0, 37]	0.09	[0, 287, 0, 0]	0.0	UTR3	Anxa1	chr19	20350920.0	-	8.0	3.0	90.0	0.08888888888888889	0.03333333333333333	TACAA	1.0	3.0	1.0	91.0	0.03296703296703297	0.01098901098901099	TACAA	0.0
593	chrX	8009000	[0, 381, 0, 52]	0.12	[1, 358, 0, 0]	0.0	UTR3	Rbm3	chrX	8009000.0	-	128.0	89.0	1042.0	0.12284069097888675	0.0854126679462572	AACAA	1.0	3.0	0.0	1473.0	0.002036659877800407	0.0	AACAA	0.0
599	chrX	12482227	[0, 316, 0, 17]	0.05	[0, 260, 0, 0]	0.0	UTR3	Atp6ap2	chrX	12482227.0	+	14.0	7.0	83.0	0.1686746987951807	0.08433734939759037	AACAT	1.0	4.0	1.0	106.0	0.03773584905660377	0.009433962264150943	AACAT	0.0
600	chrX	12482266	[0, 334, 0, 16]	0.05	[0, 311, 0, 0]	0.0	UTR3	Atp6ap2	chrX	12482266.0	+	7.0	1.0	68.0	0.10294117647058824	0.014705882352941175	TTCTT	0.0	9.0	1.0	85.0	0.10588235294117647	0.011764705882352941	TTCTT	0.0
601	chrX	12482435	[0, 371, 0, 22]	0.06	[0, 294, 0, 0]	0.0	UTR3	Atp6ap2	chrX	12482435.0	+	10.0	0.0	88.0	0.11363636363636365	0.0	AACGC	0.0	7.0	2.0	106.0	0.0660377358490566	0.018867924528301886	AACGC	0.0
602	chrX	12482487	[0, 345, 0, 48]	0.12	[0, 297, 0, 1]	0.0	UTR3	Atp6ap2	chrX	12482487.0	+	24.0	12.0	86.0	0.2790697674418605	0.13953488372093026	TACGT	1.0	6.0	0.0	102.0	0.05882352941176471	0.0	TACGT	0.0
603	chrX	12482626	[0, 487, 0, 54]	0.1	[0, 435, 0, 0]	0.0	UTR3	Atp6ap2	chrX	12482626.0	+	7.0	4.0	87.0	0.08045977011494253	0.045977011494252866	GACGT	1.0	1.0	0.0	109.0	0.009174311926605505	0.0	GACGT	0.0
604	chrX	12482922	[0, 336, 0, 23]	0.06	[0, 267, 0, 0]	0.0	UTR3	Atp6ap2	chrX	12482922.0	+	22.0	7.0	92.0	0.2391304347826087	0.07608695652173914	TACTG	1.0	23.0	1.0	107.0	0.21495327102803735	0.009345794392523364	TACTG	0.0
605	chrX	37508639	[0, 302, 0, 19]	0.06	[0, 249, 0, 0]	0.0	UTR3	Lamp2	chrX	37508639.0	-	12.0	3.0	88.0	0.13636363636363635	0.03409090909090909	CACTG	1.0	3.0	0.0	85.0	0.035294117647058816	0.0	CACTG	0.0
606	chrX	37508641	[0, 289, 0, 27]	0.09	[0, 237, 0, 0]	0.0	UTR3	Lamp2	chrX	37508641.0	-	9.0	3.0	103.0	0.08737864077669902	0.029126213592233014	CACAC	1.0	2.0	0.0	94.0	0.02127659574468085	0.0	CACAC	0.0
607	chrX	37508643	[0, 297, 0, 20]	0.06	[0, 251, 0, 0]	0.0	UTR3	Lamp2	chrX	37508643.0	-	23.0	6.0	105.0	0.21904761904761905	0.057142857142857134	TACAC	1.0	6.0	0.0	98.0	0.061224489795918366	0.0	TACAC	0.0
608	chrX	37509088	[0, 437, 0, 97]	0.18	[0, 331, 0, 0]	0.0	UTR3	Lamp2	chrX	37509088.0	-	21.0	12.0	94.0	0.22340425531914893	0.1276595744680851	GACTT	1.0	3.0	0.0	91.0	0.03296703296703297	0.0	GACTT	0.0
609	chrX	37509507	[0, 533, 0, 38]	0.07	[0, 412, 0, 0]	0.0	UTR3	Lamp2	chrX	37509507.0	-	8.0	6.0	79.0	0.10126582278481013	0.0759493670886076	TACTC	1.0	1.0	0.0	79.0	0.012658227848101266	0.0	TACTC	0.0
610	chrX	37509616	[0, 395, 0, 20]	0.05	[0, 277, 0, 0]	0.0	UTR3	Lamp2	chrX	37509616.0	-	6.0	4.0	81.0	0.07407407407407407	0.04938271604938271	GACTG	1.0	2.0	0.0	79.0	0.02531645569620253	0.0	GACTG	0.0
611	chrX	37509724	[0, 409, 0, 51]	0.11	[0, 330, 0, 0]	0.0	UTR3	Lamp2	chrX	37509724.0	-	7.0	4.0	79.0	0.08860759493670886	0.05063291139240506	AACCT	1.0	2.0	1.0	78.0	0.02564102564102564	0.01282051282051282	AACCT	0.0
613	chrX	37510194	[0, 329, 0, 16]	0.05	[0, 235, 0, 0]	0.0	UTR3	Lamp2	chrX	37510194.0	-	8.0	6.0	69.0	0.11594202898550725	0.08695652173913042	GACTT	1.0	3.0	2.0	69.0	0.043478260869565216	0.028985507246376805	GACTT	1.0
614	chrX	37510442	[0, 343, 0, 81]	0.19	[0, 283, 0, 0]	0.0	UTR3	Lamp2	chrX	37510442.0	-	11.0	9.0	59.0	0.1864406779661017	0.15254237288135594	TACTA	1.0	1.0	0.0	59.0	0.01694915254237288	0.0	TACTA	0.0
625	chrX	72730005	[0, 467, 0, 43]	0.08	[0, 343, 0, 0]	0.0	UTR3	Bcap31	chrX	72730005.0	-	5.0	3.0	100.0	0.05	0.03	TACTG	1.0	3.0	0.0	131.0	0.022900763358778626	0.0	TACTG	0.0
626	chrX	72730009	[0, 458, 0, 77]	0.14	[0, 337, 0, 0]	0.0	UTR3	Bcap31	chrX	72730009.0	-	15.0	9.0	107.0	0.14018691588785046	0.08411214953271028	CACAT	1.0	2.0	0.0	133.0	0.015037593984962403	0.0	CACAT	0.0
628	chrX	73347970	[0, 237, 0, 20]	0.08	[0, 165, 0, 0]	0.0	UTR3	Atp6ap1	chrX	73347970.0	+	7.0	4.0	74.0	0.0945945945945946	0.054054054054054064	CACTC	1.0	1.0	0.0	84.0	0.011904761904761904	0.0	CACTC	0.0
639	chrX	95211550	[0, 81, 0, 5]	0.06	[0, 100, 0, 0]	0.0	UTR3	Msn	chrX	95211550.0	+	7.0	4.0	141.0	0.04964539007092199	0.02836879432624113	AACAA	1.0	1.0	1.0	196.0	0.005102040816326529	0.005102040816326529	AACAA	0.0
640	chrX	95211635	[0, 196, 0, 16]	0.08	[0, 203, 0, 0]	0.0	UTR3	Msn	chrX	95211635.0	+	13.0	3.0	95.0	0.1368421052631579	0.03157894736842105	TACTA	1.0	6.0	0.0	132.0	0.045454545454545456	0.0	TACTA	0.0
641	chrX	95211652	[0, 181, 0, 12]	0.06	[0, 190, 0, 0]	0.0	UTR3	Msn	chrX	95211652.0	+	10.0	4.0	132.0	0.07575757575757576	0.030303030303030307	ATCTG	0.0	17.0	1.0	183.0	0.09289617486338797	0.00546448087431694	ATCTG	0.0
642	chrX	95211666	[0, 204, 0, 10]	0.05	[0, 194, 0, 0]	0.0	UTR3	Msn	chrX	95211666.0	+	6.0	4.0	136.0	0.04411764705882353	0.029411764705882356	TACTA	1.0	3.0	0.0	203.0	0.014778325123152709	0.0	TACTA	0.0
643	chrX	95211695	[0, 175, 0, 29]	0.14	[0, 160, 0, 0]	0.0	UTR3	Msn	chrX	95211695.0	+	24.0	18.0	139.0	0.17266187050359713	0.12949640287769784	AACAT	1.0	2.0	1.0	208.0	0.009615384615384616	0.004807692307692308	AACAT	0.0
645	chrX	95211766	[0, 210, 0, 79]	0.27	[0, 229, 0, 0]	0.0	UTR3	Msn	chrX	95211766.0	+	45.0	33.0	140.0	0.32142857142857145	0.2357142857142857	TACTT	1.0	2.0	0.0	212.0	0.009433962264150943	0.0	TACTT	0.0
646	chrX	99559439	[0, 254, 0, 13]	0.05	[0, 188, 0, 0]	0.0	UTR3	Igbp1	chrX	99559439.0	+	2.0	1.0	61.0	0.032786885245901634	0.016393442622950817	TACCC	0.0	2.0	0.0	62.0	0.03225806451612903	0.0	TACCC	0.0
657	chrX	108204244	[0, 363, 0, 25]	0.06	[0, 299, 0, 0]	0.0	UTR3	Sh3bgrl	chrX	108204244.0	+	4.0	1.0	59.0	0.06779661016949153	0.01694915254237288	TACTG	0.0	5.0	1.0	98.0	0.051020408163265314	0.010204081632653059	TACTG	0.0
658	chrX	108204313	[0, 487, 0, 87]	0.15	[0, 394, 0, 0]	0.0	UTR3	Sh3bgrl	chrX	108204313.0	+	11.0	10.0	61.0	0.18032786885245905	0.16393442622950818	GACAT	1.0	1.0	0.0	100.0	0.01	0.0	GACAT	0.0
659	chrX	108204658	[0, 367, 0, 50]	0.12	[0, 295, 0, 0]	0.0	UTR3	Sh3bgrl	chrX	108204658.0	+	11.0	7.0	72.0	0.1527777777777778	0.09722222222222222	AACGA	1.0	3.0	0.0	107.0	0.02803738317757009	0.0	AACGA	0.0
660	chrX	108204953	[0, 623, 0, 32]	0.05	[0, 462, 0, 0]	0.0	UTR3	Sh3bgrl	chrX	108204953.0	+	7.0	4.0	72.0	0.09722222222222222	0.05555555555555555	TACTT	0.0	3.0	0.0	111.0	0.027027027027027032	0.0	TACTT	0.0
661	chrX	108205780	[0, 527, 0, 84]	0.14	[0, 478, 0, 0]	0.0	UTR3	Sh3bgrl	chrX	108205780.0	+	12.0	5.0	99.0	0.12121212121212123	0.0505050505050505	AACAC	1.0	1.0	0.0	141.0	0.007092198581560284	0.0	AACAC	0.0
